"","Label","Pyr","Flux","Condition","Time.h"
"1","S1P6","C2",-6.77547,"Pre-Drought",0.3372
"2","S1P3","C1",8.98449,"Pre-Drought",0.3324
"3","S2P7","C1",9.01055,"Pre-Drought",0.33384
"4","S3P5","C1",-5.59176,"Pre-Drought",0.31992
"5","S1P4","C2",-3.2361,"Pre-Drought",0.35712
"6","S1P6","C2",10.0291,"Pre-Drought",0.8508
"7","S2P8","C2",-0.94889,"Pre-Drought",0.5052
"8","S2P4","C2",-3.46163,"Pre-Drought",0.34008
"9","S3P2","C2",-3.18098,"Pre-Drought",0.32496
"10","S3P4","C2",-6.28759,"Pre-Drought",0.34128
"11","S1P1","C1",18.74894,"Pre-Drought",0.35256
"12","S1P3","C1",-0.39821,"Pre-Drought",0.846
"13","S2P1","C1",14.98289,"Pre-Drought",0.33552
"14","S2P3","C1",-18.20123,"Pre-Drought",0.37752
"15","S2P7","C1",-39.67023,"Pre-Drought",0.8472
"16","S3P5","C1",14.47465,"Pre-Drought",0.834
"17","S1P4","C2",-18.58691,"Pre-Drought",0.8712
"18","S1P6","C2",15.9215,"Pre-Drought",1.36464
"19","S2P8","C2",-8.70772,"Pre-Drought",1.01856
"20","S2P4","C2",-0.89297,"Pre-Drought",0.85392
"21","S2P6","C2",-18.87321,"Pre-Drought",0.34272
"22","S3P2","C2",-19.95909,"Pre-Drought",0.8388
"23","S3P4","C2",-1.78251,"Pre-Drought",0.85464
"24","S3P6","C2",-12.53576,"Pre-Drought",0.3492
"25","S1P1","C1",-0.54494,"Pre-Drought",0.8664
"26","S1P3","C1",-17.93115,"Pre-Drought",1.36008
"27","S2P1","C1",-18.04636,"Pre-Drought",0.84936
"28","S2P3","C1",-14.14746,"Pre-Drought",0.62184
"29","S2P7","C1",-15.99136,"Pre-Drought",1.36008
"30","S3P1","C1",-7.44554,"Pre-Drought",0.3372
"31","S3P3","C1",-14.05961,"Pre-Drought",0.34416
"32","S3P5","C1",7.09263,"Pre-Drought",1.34832
"33","S1P4","C2",-26.03587,"Pre-Drought",1.3848
"34","S1P6","C2",0.72489,"Pre-Drought",1.96344
"35","S2P8","C2",-17.35157,"Pre-Drought",1.53144
"36","S2P4","C2",-21.51867,"Pre-Drought",1.36728
"37","S2P6","C2",-15.61414,"Pre-Drought",0.85632
"38","S3P2","C2",-0.32451,"Pre-Drought",1.35312
"39","S3P4","C2",-2.21823,"Pre-Drought",1.36824
"40","S3P6","C2",-4.03265,"Pre-Drought",0.8628
"41","S1P1","C1",16.35835,"Pre-Drought",1.38
"42","S1P3","C1",14.28575,"Pre-Drought",1.95864
"43","S2P1","C1",-7.28586,"Pre-Drought",1.36272
"44","S2P3","C1",-1.58785,"Pre-Drought",1.1352
"45","S2P7","C1",4.16598,"Pre-Drought",1.9584
"46","S3P1","C1",-20.64139,"Pre-Drought",0.85056
"47","S3P3","C1",-11.13122,"Pre-Drought",0.85776
"48","S3P5","C1",-0.07982,"Pre-Drought",1.86216
"49","S1P4","C2",-7.21077,"Pre-Drought",1.9836
"50","S1P6","C2",5.42577,"Pre-Drought",2.47704
"51","S2P8","C2",5.65302,"Pre-Drought",2.12976
"52","S2P4","C2",-18.37356,"Pre-Drought",1.9656
"53","S2P6","C2",-0.57183,"Pre-Drought",1.36944
"54","S3P2","C2",-11.86612,"Pre-Drought",1.8672
"55","S3P4","C2",-0.61573,"Pre-Drought",1.96632
"56","S3P6","C2",2.64052,"Pre-Drought",1.45992
"57","S1P1","C1",-14.11892,"Pre-Drought",1.9788
"58","S1P3","C1",-1.73813,"Pre-Drought",2.47224
"59","S2P1","C1",-12.66817,"Pre-Drought",1.96104
"60","S2P3","C1",4.47244,"Pre-Drought",1.64832
"61","S2P7","C1",6.98576,"Pre-Drought",2.47104
"62","S3P1","C1",1.41511,"Pre-Drought",1.36416
"63","S3P3","C1",-5.47824,"Pre-Drought",1.45488
"64","S3P5","C1",-7.21397,"Pre-Drought",2.46072
"65","S1P4","C2",-0.49,"Pre-Drought",2.49696
"66","S1P6","C2",15.26156,"Pre-Drought",2.99064
"67","S2P8","C2",11.51166,"Pre-Drought",2.6424
"68","S2P4","C2",-29.93222,"Pre-Drought",2.4792
"69","S2P6","C2",7.83006,"Pre-Drought",1.88304
"70","S3P2","C2",-3.04776,"Pre-Drought",2.46528
"71","S3P4","C2",5.01276,"Pre-Drought",2.48016
"72","S3P6","C2",15.19076,"Pre-Drought",1.97328
"73","S1P1","C1",-11.43023,"Pre-Drought",2.49216
"74","S1P3","C1",5.48759,"Pre-Drought",2.98584
"75","S2P1","C1",25.20012,"Pre-Drought",2.47464
"76","S2P3","C1",17.87536,"Pre-Drought",2.16192
"77","S2P7","C1",-12.51993,"Pre-Drought",2.9856
"78","S3P1","C1",-1.18411,"Pre-Drought",1.96248
"79","S3P5","C1",4.46965,"Pre-Drought",2.97456
"80","S1P4","C2",0.56729,"Pre-Drought",3.01128
"81","S1P6","C2",14.85857,"Pre-Drought",3.50424
"82","S2P8","C2",2.58588,"Pre-Drought",3.15696
"83","S2P4","C2",0.3641,"Pre-Drought",2.99304
"84","S2P6","C2",5.18352,"Pre-Drought",2.48136
"85","S3P2","C2",23.81391,"Pre-Drought",2.97936
"86","S3P4","C2",5.28343,"Pre-Drought",2.99328
"87","S3P6","C2",25.0606,"Pre-Drought",2.4864
"88","S1P1","C1",-2.15803,"Pre-Drought",3.00648
"89","S1P3","C1",-11.37303,"Pre-Drought",3.49944
"90","S2P1","C1",11.34836,"Pre-Drought",2.98872
"91","S2P3","C1",-25.88555,"Pre-Drought",2.76024
"92","S2P7","C1",8.76744,"Pre-Drought",3.49824
"93","S3P1","C1",0.8381,"Pre-Drought",2.47608
"94","S3P3","C1",19.72158,"Pre-Drought",2.48136
"95","S3P5","C1",27.38951,"Pre-Drought",3.48864
"96","S1P4","C2",22.98285,"Pre-Drought",3.5244
"97","S1P6","C2",-1.32796,"Pre-Drought",4.10232
"98","S2P8","C2",-24.9564,"Pre-Drought",3.66984
"99","S2P4","C2",-15.85535,"Pre-Drought",3.50592
"100","S2P6","C2",-16.08738,"Pre-Drought",2.99448
"101","S3P2","C2",-10.61787,"Pre-Drought",3.49368
"102","S3P4","C2",-3.53766,"Pre-Drought",3.50664
"103","S3P6","C2",6.47595,"Pre-Drought",3.00024
"104","S1P1","C1",5.31553,"Pre-Drought",3.51984
"105","S1P3","C1",24.28103,"Pre-Drought",4.09752
"106","S2P1","C1",-25.82451,"Pre-Drought",3.5016
"107","S2P3","C1",-3.28574,"Pre-Drought",3.27336
"108","S2P7","C1",-24.54977,"Pre-Drought",4.09728
"109","S3P1","C1",1.03599,"Pre-Drought",2.9892
"110","S3P3","C1",3.03054,"Pre-Drought",2.9952
"111","S3P5","C1",15.73534,"Pre-Drought",4.00272
"112","S1P4","C2",-1.74091,"Pre-Drought",4.12272
"113","S1P6","C2",-14.00016,"Pre-Drought",4.61592
"114","S2P8","C2",-4.83123,"Pre-Drought",4.26864
"115","S2P4","C2",3.61596,"Pre-Drought",4.104
"116","S2P6","C2",12.86348,"Pre-Drought",3.5076
"117","S3P2","C2",5.43792,"Pre-Drought",4.00752
"118","S3P4","C2",2.46163,"Pre-Drought",4.10448
"119","S3P6","C2",-26.94635,"Pre-Drought",3.59832
"120","S1P1","C1",7.12608,"Pre-Drought",4.11816
"121","S1P3","C1",1.3106,"Pre-Drought",4.61112
"122","S2P1","C1",6.85766,"Pre-Drought",4.09944
"123","S2P3","C1",-3.21896,"Pre-Drought",3.78648
"124","S2P7","C1",-14.43824,"Pre-Drought",4.60968
"125","S3P1","C1",-0.18852,"Pre-Drought",3.50256
"126","S3P3","C1",24.91632,"Pre-Drought",3.59328
"127","S3P5","C1",-20.73797,"Pre-Drought",4.60176
"128","S1P4","C2",-14.56246,"Pre-Drought",4.63632
"129","S1P6","C2",-9.06659,"Pre-Drought",5.12952
"130","S2P8","C2",1.4316,"Pre-Drought",4.78104
"131","S2P4","C2",3.12632,"Pre-Drought",4.61664
"132","S2P6","C2",-6.96326,"Pre-Drought",4.0212
"133","S3P2","C2",9.54905,"Pre-Drought",4.60608
"134","S3P4","C2",-3.41891,"Pre-Drought",4.61808
"135","S3P6","C2",0.72382,"Pre-Drought",4.11216
"136","S1P1","C1",31.36634,"Pre-Drought",4.632
"137","S1P3","C1",10.27366,"Pre-Drought",5.12472
"138","S2P1","C1",16.39961,"Pre-Drought",4.61232
"139","S2P3","C1",-9.84876,"Pre-Drought",4.30008
"140","S2P7","C1",-4.3402,"Pre-Drought",5.12328
"141","S3P1","C1",-4.30967,"Pre-Drought",4.10064
"142","S3P3","C1",-26.91666,"Pre-Drought",4.10712
"143","S3P5","C1",-5.00195,"Pre-Drought",5.11536
"144","S1P4","C2",14.54409,"Pre-Drought",5.14968
"145","S1P6","C2",3.1549,"Pre-Drought",5.64288
"146","S2P8","C2",11.70698,"Pre-Drought",5.2944
"147","S2P4","C2",-15.16072,"Pre-Drought",5.13
"148","S2P6","C2",-14.94705,"Pre-Drought",4.61832
"149","S3P2","C2",11.999,"Pre-Drought",5.1192
"150","S3P4","C2",0.06201,"Pre-Drought",5.13144
"151","S3P6","C2",4.01451,"Pre-Drought",4.62576
"152","S1P1","C1",-1.50632,"Pre-Drought",5.14512
"153","S1P3","C1",-0.39692,"Pre-Drought",5.63808
"154","S2P1","C1",-19.40951,"Pre-Drought",5.12544
"155","S2P3","C1",1.36709,"Pre-Drought",4.8972
"156","S2P7","C1",-5.45588,"Pre-Drought",5.63544
"157","S3P1","C1",-6.10911,"Pre-Drought",4.614
"158","S3P3","C1",-28.5898,"Pre-Drought",4.62072
"159","S3P5","C1",-14.68532,"Pre-Drought",5.62824
"160","S1P4","C2",-2.648,"Pre-Drought",5.66352
"161","S1P6","C2",-5.53899,"Pre-Drought",6.24048
"162","S2P8","C2",-30.16557,"Pre-Drought",5.80704
"163","S2P4","C2",-4.88561,"Pre-Drought",5.64336
"164","S2P6","C2",-10.26576,"Pre-Drought",5.13192
"165","S3P2","C2",-34.57931,"Pre-Drought",5.63304
"166","S3P4","C2",-7.19112,"Pre-Drought",5.64504
"167","S3P6","C2",-17.51255,"Pre-Drought",5.13936
"168","S1P1","C1",-13.27562,"Pre-Drought",5.65872
"169","S1P3","C1",-13.14998,"Pre-Drought",6.23592
"170","S2P1","C1",-3.71589,"Pre-Drought",5.6388
"171","S2P3","C1",-5.74821,"Pre-Drought",5.4108
"172","S2P7","C1",18.06708,"Pre-Drought",6.23448
"173","S3P1","C1",3.53945,"Pre-Drought",5.12712
"174","S3P3","C1",16.35055,"Pre-Drought",5.13456
"175","S3P5","C1",13.80166,"Pre-Drought",6.1416
"176","S1P4","C2",10.26264,"Pre-Drought",6.26232
"177","S1P6","C2",-4.36588,"Pre-Drought",6.75408
"178","S2P8","C2",-1.80197,"Pre-Drought",6.40584
"179","S2P4","C2",5.25853,"Pre-Drought",6.24168
"180","S2P6","C2",0.52609,"Pre-Drought",5.6448
"181","S3P2","C2",8.27459,"Pre-Drought",6.1464
"182","S3P4","C2",-0.53812,"Pre-Drought",6.24336
"183","S3P6","C2",12.80775,"Pre-Drought",5.73744
"184","S1P1","C1",3.54627,"Pre-Drought",6.25728
"185","S1P3","C1",-12.44863,"Pre-Drought",6.74952
"186","S2P1","C1",0.25568,"Pre-Drought",6.23712
"187","S2P3","C1",2.44101,"Pre-Drought",5.92392
"188","S2P7","C1",-5.68413,"Pre-Drought",6.74712
"189","S3P1","C1",3.28818,"Pre-Drought",5.64072
"190","S3P3","C1",1.62442,"Pre-Drought",5.7324
"191","S3P5","C1",35.06233,"Pre-Drought",6.74088
"192","S1P4","C2",5.17561,"Pre-Drought",7.0788
"193","S1P6","C2",9.55928,"Pre-Drought",7.26648
"194","S2P8","C2",-23.23472,"Pre-Drought",6.91872
"195","S2P4","C2",-11.69385,"Pre-Drought",6.75504
"196","S2P6","C2",-2.56047,"Pre-Drought",6.1584
"197","S3P2","C2",-5.695,"Pre-Drought",6.74544
"198","S3P4","C2",0.66652,"Pre-Drought",6.75672
"199","S3P6","C2",-3.42701,"Pre-Drought",8.25504
"200","S1P1","C1",-9.61089,"Pre-Drought",6.77088
"201","S1P3","C1",1.94466,"Pre-Drought",7.2624
"202","S2P1","C1",5.11774,"Pre-Drought",6.75048
"203","S2P3","C1",3.20919,"Pre-Drought",6.43728
"204","S2P7","C1",-14.15021,"Pre-Drought",7.26048
"205","S3P1","C1",6.03195,"Pre-Drought",6.23952
"206","S3P3","C1",-3.47976,"Pre-Drought",6.246
"207","S3P5","C1",26.05143,"Pre-Drought",7.25448
"208","S1P4","C2",-21.01087,"Pre-Drought",7.93464
"209","S1P6","C2",-4.5835,"Pre-Drought",7.77984
"210","S2P8","C2",-2.61527,"Pre-Drought",7.43184
"211","S2P4","C2",-1.61257,"Pre-Drought",7.26864
"212","S2P6","C2",-9.07272,"Pre-Drought",6.75648
"213","S3P4","C2",7.55145,"Pre-Drought",7.27008
"214","S3P6","C2",-0.556,"Pre-Drought",9.10896
"215","S1P1","C1",-1.81884,"Pre-Drought",7.07448
"216","S1P3","C1",-3.79859,"Pre-Drought",7.77528
"217","S2P1","C1",-21.57895,"Pre-Drought",7.26408
"218","S2P3","C1",0.70892,"Pre-Drought",7.03536
"219","S2P7","C1",-5.2738,"Pre-Drought",7.77336
"220","S3P1","C1",2.18984,"Pre-Drought",6.7524
"221","S3P3","C1",-7.46136,"Pre-Drought",8.25
"222","S3P5","C1",18.80999,"Pre-Drought",7.81392
"223","S1P4","C2",23.4097,"Pre-Drought",8.39832
"224","S1P6","C2",-19.28311,"Pre-Drought",8.2116
"225","S2P8","C2",3.94886,"Pre-Drought",7.94472
"226","S2P4","C2",9.64559,"Pre-Drought",7.78224
"227","S2P6","C2",-4.62089,"Pre-Drought",7.38168
"228","S3P4","C2",-3.0982,"Pre-Drought",7.78344
"229","S3P6","C2",-5.36511,"Pre-Drought",10.0476
"230","S1P1","C1",32.0713,"Pre-Drought",7.93032
"231","S1P3","C1",7.30427,"Pre-Drought",8.20704
"232","S2P1","C1",-26.9198,"Pre-Drought",7.77768
"233","S2P3","C1",1.04883,"Pre-Drought",7.6608
"234","S2P7","C1",-6.05787,"Pre-Drought",8.3712
"235","S3P1","C1",-1.42623,"Pre-Drought",7.266
"236","S3P3","C1",-9.47297,"Pre-Drought",9.10392
"237","S3P5","C1",-6.44008,"Pre-Drought",8.67
"238","S1P4","C2",-30.68455,"Pre-Drought",9.25464
"239","S1P6","C2",10.35446,"Pre-Drought",9.06744
"240","S2P8","C2",-26.66309,"Pre-Drought",8.54256
"241","S2P4","C2",-14.04818,"Pre-Drought",8.24328
"242","S2P6","C2",-1.39357,"Pre-Drought",8.23584
"243","S3P2","C2",18.03409,"Pre-Drought",8.6748
"244","S3P4","C2",10.23887,"Pre-Drought",8.38128
"245","S3P6","C2",12.13541,"Pre-Drought",10.90224
"246","S1P1","C1",-8.55088,"Pre-Drought",8.39352
"247","S1P3","C1",-4.26953,"Pre-Drought",9.06288
"248","S2P1","C1",-19.13582,"Pre-Drought",8.23824
"249","S2P3","C1",-0.44266,"Pre-Drought",8.5152
"250","S2P7","C1",-0.26875,"Pre-Drought",8.88384
"251","S3P1","C1",-10.26905,"Pre-Drought",7.77936
"252","S3P3","C1",-2.08902,"Pre-Drought",10.04256
"253","S3P5","C1",-6.37545,"Pre-Drought",9.61032
"254","S1P4","C2",-6.81546,"Pre-Drought",10.1952
"255","S1P6","C2",2.55027,"Pre-Drought",10.00872
"256","S2P8","C2",7.98023,"Pre-Drought",9.05448
"257","S2P4","C2",7.88672,"Pre-Drought",9.0984
"258","S2P6","C2",2.69855,"Pre-Drought",9.4572
"259","S3P2","C2",0.02087,"Pre-Drought",9.6144
"260","S3P4","C2",-6.2751,"Pre-Drought",8.85288
"261","S3P6","C2",8.41705,"Pre-Drought",11.84304
"262","S1P1","C1",19.32478,"Pre-Drought",9.25008
"263","S1P3","C1",-13.65648,"Pre-Drought",10.00392
"264","S2P1","C1",13.37396,"Pre-Drought",9.09408
"265","S2P3","C1",23.6553,"Pre-Drought",9.73656
"266","S2P7","C1",-13.94432,"Pre-Drought",9.396
"267","S3P1","C1",-6.7052,"Pre-Drought",8.37744
"268","S3P3","C1",-3.56393,"Pre-Drought",10.8972
"269","S3P5","C1",8.46536,"Pre-Drought",10.46616
"270","S1P4","C2",-3.05427,"Pre-Drought",11.05128
"271","S1P6","C2",-18.70388,"Pre-Drought",10.86312
"272","S2P8","C2",18.02823,"Pre-Drought",9.56664
"273","S2P4","C2",7.58837,"Pre-Drought",10.03656
"274","S2P6","C2",-21.56026,"Pre-Drought",10.31112
"275","S3P2","C2",0.26583,"Pre-Drought",10.4712
"276","S3P4","C2",-3.37052,"Pre-Drought",9.70608
"277","S3P6","C2",-14.08116,"Pre-Drought",12.69864
"278","S1P1","C1",4.13541,"Pre-Drought",10.19064
"279","S1P3","C1",-8.2121,"Pre-Drought",10.85928
"280","S2P1","C1",3.44418,"Pre-Drought",10.03272
"281","S2P3","C1",5.71289,"Pre-Drought",10.59024
"282","S2P7","C1",-22.41358,"Pre-Drought",9.9084
"283","S3P1","C1",-8.28925,"Pre-Drought",8.84928
"284","S3P3","C1",4.99719,"Pre-Drought",11.838
"285","S3P5","C1",-22.51807,"Pre-Drought",11.40696
"286","S1P4","C2",23.07908,"Pre-Drought",11.9916
"287","S1P6","C2",5.52474,"Pre-Drought",11.80296
"288","S2P8","C2",-1.58174,"Pre-Drought",10.0788
"289","S2P4","C2",3.33384,"Pre-Drought",10.89024
"290","S2P6","C2",3.59337,"Pre-Drought",11.54112
"291","S3P2","C2",-0.91887,"Pre-Drought",11.41128
"292","S3P4","C2",5.1274,"Pre-Drought",10.64472
"293","S3P6","C2",27.62231,"Pre-Drought",13.63824
"294","S1P1","C1",-22.59027,"Pre-Drought",11.04672
"295","S1P3","C1",-17.0059,"Pre-Drought",11.7984
"296","S2P1","C1",-9.07185,"Pre-Drought",10.88592
"297","S2P3","C1",2.95996,"Pre-Drought",11.82
"298","S2P7","C1",-15.90304,"Pre-Drought",10.50696
"299","S3P1","C1",6.03194,"Pre-Drought",9.70224
"300","S3P3","C1",-11.49386,"Pre-Drought",12.6936
"301","S3P5","C1",6.7098,"Pre-Drought",12.26184
"302","S1P4","C2",-13.95897,"Pre-Drought",12.84744
"303","S1P6","C2",11.5566,"Pre-Drought",12.65832
"304","S2P8","C2",-6.84802,"Pre-Drought",10.67808
"305","S2P4","C2",-9.18971,"Pre-Drought",11.83008
"306","S2P6","C2",-4.43196,"Pre-Drought",12.39552
"307","S3P2","C2",-15.74625,"Pre-Drought",12.2664
"308","S3P4","C2",4.80781,"Pre-Drought",11.49984
"309","S3P6","C2",29.36054,"Pre-Drought",14.4936
"310","S1P1","C1",3.36735,"Pre-Drought",11.98704
"311","S1P3","C1",-2.61774,"Pre-Drought",12.65352
"312","S2P1","C1",-0.50538,"Pre-Drought",11.82552
"313","S2P3","C1",-10.6043,"Pre-Drought",12.67464
"314","S2P7","C1",-24.72711,"Pre-Drought",11.02032
"315","S3P1","C1",0.1799,"Pre-Drought",10.64088
"316","S3P3","C1",4.27053,"Pre-Drought",13.63344
"317","S3P5","C1",-20.81434,"Pre-Drought",13.2024
"318","S1P4","C2",2.58941,"Pre-Drought",13.78776
"319","S1P6","C2",14.59558,"Pre-Drought",13.59816
"320","S2P8","C2",-5.45328,"Pre-Drought",11.19168
"321","S2P4","C2",-3.14572,"Pre-Drought",12.68544
"322","S2P6","C2",1.52722,"Pre-Drought",13.62408
"323","S3P2","C2",-14.53307,"Pre-Drought",13.20696
"324","S3P4","C2",3.38078,"Pre-Drought",12.44088
"325","S3P6","C2",-3.6436,"Pre-Drought",15.432
"326","S1P1","C1",5.78089,"Pre-Drought",12.84288
"327","S1P3","C1",-0.76875,"Pre-Drought",13.5936
"328","S2P1","C1",-5.18919,"Pre-Drought",12.68112
"329","S2P3","C1",8.2264,"Pre-Drought",13.90344
"330","S2P7","C1",22.90803,"Pre-Drought",11.53344
"331","S3P1","C1",-8.68208,"Pre-Drought",11.49576
"332","S3P3","C1",1.0402,"Pre-Drought",14.48856
"333","S3P5","C1",2.89701,"Pre-Drought",14.058
"334","S1P4","C2",-4.74048,"Pre-Drought",14.64336
"335","S2P8","C2",12.97258,"Pre-Drought",11.7048
"336","S2P4","C2",4.17984,"Pre-Drought",13.62504
"337","S2P6","C2",-11.95213,"Pre-Drought",14.47824
"338","S3P2","C2",6.23322,"Pre-Drought",14.06256
"339","S3P4","C2",-2.80337,"Pre-Drought",13.2972
"340","S3P6","C2",-8.32268,"Pre-Drought",16.28616
"341","S1P1","C1",-22.36772,"Pre-Drought",13.78296
"342","S2P1","C1",-9.58647,"Pre-Drought",13.62072
"343","S2P3","C1",1.60266,"Pre-Drought",14.7576
"344","S3P1","C1",-4.61194,"Pre-Drought",12.43656
"345","S3P3","C1",-8.41884,"Pre-Drought",15.42696
"346","S1P4","C2",-11.56594,"Pre-Drought",15.58296
"347","S1P6","C2",-28.41606,"Pre-Drought",15.39288
"348","S2P8","C2",12.12519,"Pre-Drought",12.21744
"349","S2P4","C2",-5.95946,"Pre-Drought",14.48016
"350","S2P6","C2",-10.32254,"Pre-Drought",15.708
"351","S3P4","C2",22.37879,"Pre-Drought",14.23944
"352","S3P6","C2",-8.94851,"Pre-Drought",17.22552
"353","S1P1","C1",-13.06662,"Pre-Drought",14.63856
"354","S1P3","C1",-2.29719,"Pre-Drought",15.38832
"355","S2P3","C1",-3.38507,"Pre-Drought",15.98664
"356","S2P7","C1",-12.78058,"Pre-Drought",12.64464
"357","S3P1","C1",6.13441,"Pre-Drought",13.29312
"358","S3P3","C1",-1.85765,"Pre-Drought",16.28112
"359","S3P5","C1",-5.78186,"Pre-Drought",15.85296
"360","S1P4","C2",-14.26562,"Pre-Drought",16.43928
"361","S1P6","C2",2.5085,"Pre-Drought",16.24704
"362","S2P8","C2",-23.44814,"Pre-Drought",12.816
"363","S2P4","C2",-2.97768,"Pre-Drought",15.42
"364","S2P6","C2",-6.69312,"Pre-Drought",16.56288
"365","S3P2","C2",-18.64708,"Pre-Drought",15.85776
"366","S3P6","C2",18.45705,"Pre-Drought",18.07992
"367","S1P3","C1",-3.90901,"Pre-Drought",16.24296
"368","S2P1","C1",-19.61447,"Pre-Drought",15.41592
"369","S2P3","C1",1.98691,"Pre-Drought",16.84176
"370","S2P7","C1",6.02861,"Pre-Drought",13.15752
"371","S3P1","C1",-9.13605,"Pre-Drought",14.23464
"372","S3P3","C1",18.58983,"Pre-Drought",17.22048
"373","S3P5","C1",8.27063,"Pre-Drought",16.79304
"374","S1P4","C2",0.25819,"Pre-Drought",17.37984
"375","S1P6","C2",-5.70672,"Pre-Drought",17.18688
"376","S2P8","C2",-3.21886,"Pre-Drought",13.32888
"377","S2P4","C2",13.77544,"Pre-Drought",16.2756
"378","S2P6","C2",0.39058,"Pre-Drought",17.7912
"379","S3P2","C2",-19.67995,"Pre-Drought",16.79712
"380","S3P4","C2",4.21969,"Pre-Drought",16.03512
"381","S3P6","C2",-3.31052,"Pre-Drought",19.02
"382","S1P1","C1",-3.18723,"Pre-Drought",16.43448
"383","S1P3","C1",20.71804,"Pre-Drought",17.18304
"384","S2P1","C1",4.96007,"Pre-Drought",16.27128
"385","S2P3","C1",-0.64306,"Pre-Drought",18.07008
"386","S2P7","C1",-9.30174,"Pre-Drought",13.67088
"387","S3P1","C1",-12.86273,"Pre-Drought",15.09024
"388","S3P3","C1",-5.59305,"Pre-Drought",18.07512
"389","S3P5","C1",27.03683,"Pre-Drought",17.64744
"390","S1P4","C2",3.99714,"Pre-Drought",18.23496
"391","S1P6","C2",-18.32124,"Pre-Drought",18.04176
"392","S2P8","C2",22.49947,"Pre-Drought",13.84224
"393","S2P4","C2",9.36298,"Pre-Drought",17.2152
"394","S2P6","C2",-2.73857,"Pre-Drought",18.64584
"395","S3P2","C2",-7.02575,"Pre-Drought",17.652
"396","S3P4","C2",-18.36078,"Pre-Drought",16.89048
"397","S3P6","C2",0.50728,"Pre-Drought",19.87464
"398","S1P1","C1",-7.67163,"Pre-Drought",17.37504
"399","S1P3","C1",-13.78609,"Pre-Drought",18.03768
"400","S2P1","C1",4.52233,"Pre-Drought",17.21136
"401","S2P3","C1",-4.19104,"Pre-Drought",18.92472
"402","S2P7","C1",-7.77168,"Pre-Drought",14.18352
"403","S3P1","C1",17.36169,"Pre-Drought",16.0308
"404","S3P3","C1",-23.36388,"Pre-Drought",19.01496
"405","S3P5","C1",-10.67296,"Pre-Drought",18.58752
"406","S1P4","C2",-13.14468,"Pre-Drought",19.17528
"407","S1P6","C2",-14.2237,"Pre-Drought",18.98136
"408","S2P4","C2",-0.67632,"Pre-Drought",18.07128
"409","S2P6","C2",-10.97823,"Pre-Drought",19.8744
"410","S3P2","C2",-7.33538,"Pre-Drought",18.59232
"411","S3P4","C2",-7.74703,"Pre-Drought",17.83176
"412","S3P6","C2",-23.06282,"Pre-Drought",20.81304
"413","S1P1","C1",-6.26902,"Pre-Drought",18.23016
"414","S1P3","C1",-16.79093,"Pre-Drought",18.97752
"415","S2P1","C1",7.35174,"Pre-Drought",18.06696
"416","S2P3","C1",-7.74392,"Pre-Drought",20.15328
"417","S3P1","C1",-1.51065,"Pre-Drought",16.8864
"418","S3P3","C1",-10.60025,"Pre-Drought",19.86984
"419","S3P5","C1",-5.05573,"Pre-Drought",19.44336
"420","S1P4","C2",1.69647,"Pre-Drought",20.03088
"421","S1P6","C2",-9.54622,"Pre-Drought",19.83576
"422","S2P4","C2",-6.74825,"Pre-Drought",19.01088
"423","S2P6","C2",5.71765,"Pre-Drought",20.77632
"424","S3P2","C2",6.97151,"Pre-Drought",19.44768
"425","S3P4","C2",-23.68071,"Pre-Drought",18.68712
"426","S3P6","C2",-14.6079,"Pre-Drought",21.66816
"427","S1P1","C1",-12.97622,"Pre-Drought",19.17048
"428","S1P3","C1",15.08014,"Pre-Drought",19.83192
"429","S2P1","C1",-2.25398,"Pre-Drought",19.00656
"430","S2P3","C1",10.25097,"Pre-Drought",21.0552
"431","S3P1","C1",4.00505,"Pre-Drought",17.82768
"432","S3P3","C1",10.12251,"Pre-Drought",20.808
"433","S3P5","C1",0.33563,"Pre-Drought",20.3844
"434","S1P4","C2",15.50413,"Pre-Drought",20.97024
"435","S1P6","C2",6.40407,"Pre-Drought",20.7756
"436","S2P8","C2",-20.00627,"Pre-Drought",15.46344
"437","S2P4","C2",7.12146,"Pre-Drought",19.86696
"438","S2P6","C2",-6.22387,"Pre-Drought",21.95784
"439","S3P2","C2",-17.22696,"Pre-Drought",20.38872
"440","S3P4","C2",-9.31676,"Pre-Drought",19.62816
"441","S3P6","C2",-8.59709,"Pre-Drought",22.60824
"442","S1P1","C1",-1.70381,"Pre-Drought",20.02632
"443","S1P3","C1",-19.65678,"Pre-Drought",20.77128
"444","S2P1","C1",-5.81371,"Pre-Drought",19.8624
"445","S2P3","C1",-0.10869,"Pre-Drought",22.23672
"446","S2P7","C1",-31.37524,"Pre-Drought",15.8052
"447","S3P1","C1",-3.38855,"Pre-Drought",18.68328
"448","S3P3","C1",-24.24597,"Pre-Drought",21.66312
"449","S3P5","C1",9.76779,"Pre-Drought",21.23928
"450","S1P4","C2",-7.90557,"Pre-Drought",21.82608
"451","S2P8","C2",22.79943,"Pre-Drought",15.97632
"452","S2P4","C2",9.34142,"Pre-Drought",20.80704
"453","S2P6","C2",10.53763,"Pre-Drought",22.81344
"454","S3P2","C2",3.48841,"Pre-Drought",21.24384
"455","S3P4","C2",-6.83055,"Pre-Drought",20.48424
"456","S3P6","C2",6.88435,"Pre-Drought",24.00984
"457","S1P1","C1",-6.78771,"Pre-Drought",20.96544
"458","S1P3","C1",36.52181,"Pre-Drought",21.62664
"459","S2P1","C1",12.29332,"Pre-Drought",20.80296
"460","S2P3","C1",-20.57095,"Pre-Drought",23.09232
"461","S2P7","C1",-1.54816,"Pre-Drought",16.31784
"462","S3P1","C1",-8.02039,"Pre-Drought",19.62384
"463","S3P3","C1",-0.7719,"Pre-Drought",22.60344
"464","S3P5","C1",14.66758,"Pre-Drought",22.1808
"465","S1P4","C2",-13.6648,"Pre-Drought",22.76496
"466","S1P6","C2",-21.41127,"Pre-Drought",22.57056
"467","S2P8","C2",-13.8904,"Pre-Drought",16.48896
"468","S2P4","C2",5.81147,"Pre-Drought",21.66288
"469","S2P6","C2",14.38027,"Pre-Drought",24.22512
"470","S3P2","C2",-4.10197,"Pre-Drought",22.1856
"471","S3P4","C2",12.09116,"Pre-Drought",21.4248
"472","S3P6","C2",-7.6599,"Pre-Drought",25.03584
"473","S1P1","C1",-2.18823,"Pre-Drought",21.82128
"474","S1P3","C1",34.38814,"Pre-Drought",22.566
"475","S2P1","C1",-1.14559,"Pre-Drought",21.65832
"476","S2P3","C1",-27.885,"Pre-Drought",24.16128
"477","S2P7","C1",-4.03454,"Pre-Drought",16.91592
"478","S3P1","C1",-19.46336,"Pre-Drought",20.47992
"479","S3P3","C1",-10.20755,"Pre-Drought",23.6628
"480","S3P5","C1",9.65319,"Pre-Drought",23.03664
"481","S1P4","C2",-5.04877,"Pre-Drought",24.5124
"482","S1P6","C2",16.98691,"Pre-Drought",24.50688
"483","S2P8","C2",-0.97822,"Pre-Drought",17.08704
"484","S2P4","C2",1.83052,"Pre-Drought",22.60344
"485","S2P6","C2",16.5018,"Pre-Drought",25.2528
"486","S3P2","C2",-21.22885,"Pre-Drought",23.04144
"487","S3P4","C2",5.09667,"Pre-Drought",22.28064
"488","S3P6","C2",-2.46824,"Pre-Drought",26.14776
"489","S1P1","C1",-6.40561,"Pre-Drought",22.76112
"490","S1P3","C1",-18.23912,"Pre-Drought",23.42136
"491","S2P1","C1",-10.10477,"Pre-Drought",22.59888
"492","S2P3","C1",9.86741,"Pre-Drought",25.18896
"493","S2P7","C1",-0.57746,"Pre-Drought",17.42832
"494","S3P1","C1",-9.96311,"Pre-Drought",21.42048
"495","S3P3","C1",15.40852,"Pre-Drought",24.6888
"496","S3P5","C1",7.82807,"Pre-Drought",24.16416
"497","S1P4","C2",-0.02084,"Pre-Drought",25.53912
"498","S1P6","C2",19.44533,"Pre-Drought",25.53312
"499","S2P8","C2",25.39701,"Pre-Drought",17.59968
"500","S2P4","C2",-7.08689,"Pre-Drought",24.52872
"501","S2P6","C2",-3.95727,"Pre-Drought",26.36472
"502","S3P2","C2",12.66827,"Pre-Drought",24.51144
"503","S3P4","C2",-4.22387,"Pre-Drought",24.03984
"504","S3P6","C2",-10.29497,"Pre-Drought",27.17496
"505","S1P1","C1",-0.66145,"Pre-Drought",24.1656
"506","S1P3","C1",0.2607,"Pre-Drought",24.16128
"507","S2P1","C1",-13.43827,"Pre-Drought",23.45472
"508","S2P3","C1",-4.58456,"Pre-Drought",26.30112
"509","S2P7","C1",0.52906,"Pre-Drought",17.94168
"510","S3P1","C1",-4.30941,"Pre-Drought",22.27632
"511","S3P3","C1",-34.16341,"Pre-Drought",25.8
"512","S3P5","C1",10.16686,"Pre-Drought",25.1916
"513","S1P4","C2",2.08799,"Pre-Drought",26.65104
"514","S1P6","C2",25.82265,"Pre-Drought",26.64384
"515","S2P8","C2",16.39232,"Pre-Drought",18.1128
"516","S2P4","C2",9.99957,"Pre-Drought",25.55616
"517","S2P6","C2",-0.57013,"Pre-Drought",27.39192
"518","S3P2","C2",1.86338,"Pre-Drought",25.53864
"519","S3P4","C2",-7.65452,"Pre-Drought",25.31088
"520","S3P6","C2",-4.66607,"Pre-Drought",28.28544
"521","S1P1","C1",0.35528,"Pre-Drought",25.19256
"522","S1P3","C1",-7.16189,"Pre-Drought",25.18656
"523","S2P1","C1",-10.75043,"Pre-Drought",24.18168
"524","S2P3","C1",16.36035,"Pre-Drought",27.32832
"525","S2P7","C1",-26.55325,"Pre-Drought",18.45408
"526","S3P1","C1",-14.99202,"Pre-Drought",23.69352
"527","S3P3","C1",-19.515,"Pre-Drought",26.8272
"528","S3P5","C1",1.82702,"Pre-Drought",26.30328
"529","S1P4","C2",1.90069,"Pre-Drought",27.678
"530","S1P6","C2",2.5111,"Pre-Drought",27.67128
"531","S2P8","C2",-1.7579,"Pre-Drought",18.6252
"532","S2P4","C2",-9.18678,"Pre-Drought",26.66856
"533","S2P6","C2",-1.33111,"Pre-Drought",28.5036
"534","S3P2","C2",-26.31299,"Pre-Drought",26.6508
"535","S3P4","C2",-5.2099,"Pre-Drought",26.3376
"536","S3P6","C2",-27.32845,"Pre-Drought",29.31216
"537","S1P1","C1",-0.1815,"Pre-Drought",26.30448
"538","S1P3","C1",23.38262,"Pre-Drought",26.29728
"539","S2P1","C1",-12.38336,"Pre-Drought",25.20912
"540","S2P3","C1",7.98514,"Pre-Drought",28.44
"541","S2P7","C1",-8.48412,"Pre-Drought",19.05168
"542","S3P1","C1",-7.90398,"Pre-Drought",24.96456
"543","S3P3","C1",-22.41201,"Pre-Drought",27.93888
"544","S3P5","C1",-15.28823,"Pre-Drought",27.33072
"545","S1P4","C2",-1.97891,"Pre-Drought",28.7892
"546","S1P6","C2",-22.02674,"Pre-Drought",28.78344
"547","S2P8","C2",2.73154,"Pre-Drought",19.2228
"548","S2P4","C2",14.48269,"Pre-Drought",27.69552
"549","S2P6","C2",-5.4448,"Pre-Drought",29.53056
"550","S3P2","C2",-8e-04,"Pre-Drought",27.67728
"551","S3P4","C2",3.12953,"Pre-Drought",27.44856
"552","S3P6","C2",-14.81774,"Pre-Drought",30.42312
"553","S1P1","C1",2.58079,"Pre-Drought",27.33072
"554","S1P3","C1",-23.25056,"Pre-Drought",27.32424
"555","S2P1","C1",-1.49406,"Pre-Drought",26.32128
"556","S2P3","C1",1.22506,"Pre-Drought",29.4672
"557","S2P7","C1",-7.75953,"Pre-Drought",19.56408
"558","S3P1","C1",-19.31277,"Pre-Drought",25.99104
"559","S3P3","C1",16.70748,"Pre-Drought",28.96464
"560","S3P5","C1",-2.55057,"Pre-Drought",28.44168
"561","S1P4","C2",-4.27711,"Pre-Drought",29.81616
"562","S1P6","C2",-13.97478,"Pre-Drought",29.81016
"563","S2P8","C2",-0.38932,"Pre-Drought",19.7352
"564","S2P4","C2",-0.13295,"Pre-Drought",28.80768
"565","S2P6","C2",-1.89643,"Pre-Drought",30.64128
"566","S3P2","C2",-14.64601,"Pre-Drought",28.788
"567","S3P4","C2",-4.44339,"Pre-Drought",28.47528
"568","S3P6","C2",-9.25246,"Pre-Drought",31.44912
"569","S1P1","C1",2.04676,"Pre-Drought",28.44216
"570","S1P3","C1",15.27184,"Pre-Drought",28.43616
"571","S2P1","C1",-39.71108,"Pre-Drought",27.34896
"572","S2P3","C1",16.03184,"Pre-Drought",30.5784
"573","S2P7","C1",-22.37156,"Pre-Drought",20.0772
"574","S3P1","C1",12.07955,"Pre-Drought",27.10248
"575","S3P3","C1",18.01835,"Pre-Drought",30.07608
"576","S3P5","C1",1.19355,"Pre-Drought",29.46768
"577","S1P4","C2",0.9214,"Pre-Drought",30.92808
"578","S1P6","C2",6.75655,"Pre-Drought",33.096
"579","S2P8","C2",9.44561,"Pre-Drought",20.24832
"580","S2P4","C2",-2.1678,"Pre-Drought",29.83464
"581","S2P6","C2",-10.54977,"Pre-Drought",32.27088
"582","S3P2","C2",9.54819,"Pre-Drought",29.81472
"583","S3P4","C2",2.98095,"Pre-Drought",29.586
"584","S3P6","C2",16.59767,"Pre-Drought",32.55888
"585","S1P1","C1",-1.29619,"Pre-Drought",29.46912
"586","S1P3","C1",32.7831,"Pre-Drought",29.46336
"587","S2P1","C1",-19.42013,"Pre-Drought",28.46088
"588","S2P3","C1",13.12878,"Pre-Drought",31.60416
"589","S2P7","C1",-13.13771,"Pre-Drought",20.58984
"590","S3P1","C1",-5.36367,"Pre-Drought",28.1292
"591","S3P3","C1",1.44607,"Pre-Drought",31.10232
"592","S3P5","C1",5.05888,"Pre-Drought",30.57936
"593","S1P4","C2",1.1745,"Pre-Drought",31.9548
"594","S1P6","C2",-8.78554,"Pre-Drought",33.95016
"595","S2P8","C2",20.67645,"Pre-Drought",20.76048
"596","S2P4","C2",-22.22015,"Pre-Drought",31.42104
"597","S2P6","C2",-11.70185,"Pre-Drought",33.126
"598","S3P2","C2",-14.67414,"Pre-Drought",30.9264
"599","S3P4","C2",-10.89543,"Pre-Drought",30.61248
"600","S3P6","C2",-21.66527,"Pre-Drought",33.58416
"601","S1P1","C1",-7.84015,"Pre-Drought",30.5808
"602","S1P3","C1",-4.39153,"Pre-Drought",30.57504
"603","S2P1","C1",1.84289,"Pre-Drought",29.48784
"604","S2P3","C1",-8.24661,"Pre-Drought",32.54976
"605","S2P7","C1",-7.42653,"Pre-Drought",21.18672
"606","S3P1","C1",-10.79758,"Pre-Drought",29.23992
"607","S3P3","C1",-22.22291,"Pre-Drought",32.2128
"608","S3P5","C1",-9.44502,"Pre-Drought",31.60656
"609","S1P4","C2",2.57589,"Pre-Drought",33.19392
"610","S1P6","C2",1.64052,"Pre-Drought",34.88856
"611","S2P8","C2",21.50592,"Pre-Drought",21.35784
"612","S2P4","C2",-10.3609,"Pre-Drought",32.74056
"613","S2P6","C2",-11.8188,"Pre-Drought",34.06776
"614","S3P2","C2",13.15929,"Pre-Drought",32.58504
"615","S3P4","C2",-17.61702,"Pre-Drought",32.00688
"616","S3P6","C2",-7.13494,"Pre-Drought",34.69608
"617","S1P1","C1",6.41332,"Pre-Drought",31.608
"618","S1P3","C1",16.98673,"Pre-Drought",33.09216
"619","S2P1","C1",3.95398,"Pre-Drought",30.6
"620","S2P3","C1",0.5506,"Pre-Drought",33.4056
"621","S2P7","C1",1.09493,"Pre-Drought",21.69912
"622","S3P1","C1",0.39812,"Pre-Drought",30.2664
"623","S3P3","C1",-14.81925,"Pre-Drought",33.23712
"624","S3P5","C1",1.14809,"Pre-Drought",32.58072
"625","S1P4","C2",-1.33767,"Pre-Drought",34.04832
"626","S1P6","C2",3.61167,"Pre-Drought",35.74416
"627","S2P8","C2",34.44288,"Pre-Drought",21.87048
"628","S2P4","C2",12.6526,"Pre-Drought",33.5964
"629","S2P6","C2",8.39053,"Pre-Drought",34.92192
"630","S3P2","C2",-4.31609,"Pre-Drought",33.43992
"631","S3P4","C2",-6.07482,"Pre-Drought",32.86128
"632","S3P6","C2",8.84161,"Pre-Drought",35.7228
"633","S1P1","C1",-7.98307,"Pre-Drought",33.19008
"634","S1P3","C1",15.28975,"Pre-Drought",33.94632
"635","S2P1","C1",1.1068,"Pre-Drought",31.41696
"636","S2P3","C1",-4.18886,"Pre-Drought",34.34664
"637","S2P7","C1",-15.92494,"Pre-Drought",22.21224
"638","S3P1","C1",-11.62906,"Pre-Drought",31.37808
"639","S3P3","C1",-21.05249,"Pre-Drought",34.34928
"640","S3P5","C1",16.05495,"Pre-Drought",33.43584
"641","S1P4","C2",0.18737,"Pre-Drought",34.9872
"642","S1P6","C2",10.66331,"Pre-Drought",36.68496
"643","S2P8","C2",2.18464,"Pre-Drought",22.38336
"644","S2P4","C2",17.47528,"Pre-Drought",34.53744
"645","S2P6","C2",9.06627,"Pre-Drought",35.86176
"646","S3P2","C2",-18.93215,"Pre-Drought",34.37808
"647","S3P4","C2",6.25449,"Pre-Drought",34.08216
"648","S3P6","C2",-23.6638,"Pre-Drought",36.83328
"649","S1P1","C1",5.61964,"Pre-Drought",34.044
"650","S1P3","C1",2.76553,"Pre-Drought",34.88472
"651","S2P1","C1",31.98986,"Pre-Drought",32.73648
"652","S2P3","C1",0.40153,"Pre-Drought",35.20104
"653","S2P7","C1",-3.1005,"Pre-Drought",22.72464
"654","S3P1","C1",-8.18927,"Pre-Drought",32.00328
"655","S3P3","C1",5.15576,"Pre-Drought",35.37504
"656","S3P5","C1",7.71273,"Pre-Drought",34.374
"657","S1P4","C2",-3.11567,"Pre-Drought",35.84232
"658","S1P6","C2",0.89815,"Pre-Drought",37.54056
"659","S2P4","C2",3.67688,"Pre-Drought",35.39328
"660","S2P6","C2",-3.17915,"Pre-Drought",36.71664
"661","S3P2","C2",6.41793,"Pre-Drought",35.232
"662","S3P4","C2",9.80731,"Pre-Drought",34.93656
"663","S1P1","C1",3.40394,"Pre-Drought",34.9824
"664","S1P3","C1",31.13209,"Pre-Drought",35.73936
"665","S2P1","C1",0.88239,"Pre-Drought",33.59232
"666","S2P3","C1",-21.36158,"Pre-Drought",36.14088
"667","S2P7","C1",8.37268,"Pre-Drought",23.32296
"668","S3P1","C1",0.66332,"Pre-Drought",32.85744
"669","S3P3","C1",-38.67415,"Pre-Drought",36.48648
"670","S3P5","C1",3.22931,"Pre-Drought",35.22768
"671","S1P4","C2",-1.28603,"Pre-Drought",36.78336
"672","S1P6","C2",9.96634,"Pre-Drought",38.47992
"673","S2P8","C2",-3.62041,"Pre-Drought",23.49408
"674","S2P4","C2",13.2549,"Pre-Drought",36.3336
"675","S2P6","C2",22.50232,"Pre-Drought",37.65696
"676","S3P2","C2",-9.93174,"Pre-Drought",36.17184
"677","S3P4","C2",-6.14537,"Pre-Drought",36.16656
"678","S3P6","C2",8.83374,"Pre-Drought",38.96784
"679","S1P1","C1",-2.45644,"Pre-Drought",35.83752
"680","S1P3","C1",6.48654,"Pre-Drought",36.68064
"681","S2P1","C1",9.43283,"Pre-Drought",34.53336
"682","S2P3","C1",8.21741,"Pre-Drought",36.99552
"683","S2P7","C1",13.75134,"Pre-Drought",23.8356
"684","S3P1","C1",-35.07466,"Pre-Drought",34.07832
"685","S3P3","C1",4.01478,"Pre-Drought",37.51248
"686","S3P5","C1",16.95785,"Pre-Drought",36.16776
"687","S1P4","C2",-3.9297,"Pre-Drought",37.63968
"688","S1P6","C2",-2.46454,"Pre-Drought",39.33504
"689","S2P8","C2",-0.06566,"Pre-Drought",24.00672
"690","S2P4","C2",33.27952,"Pre-Drought",37.18944
"691","S3P2","C2",-17.03932,"Pre-Drought",37.02744
"692","S3P4","C2",13.51939,"Pre-Drought",37.02144
"693","S3P6","C2",-33.72892,"Pre-Drought",39.99336
"694","S1P1","C1",7.0296,"Pre-Drought",36.77856
"695","S1P3","C1",8.2468,"Pre-Drought",37.536
"696","S2P1","C1",19.60133,"Pre-Drought",35.3892
"697","S2P3","C1",3.31947,"Pre-Drought",37.93584
"698","S2P7","C1",-3.59797,"Pre-Drought",24.34872
"699","S3P1","C1",-12.34605,"Pre-Drought",34.93272
"700","S3P5","C1",-23.55412,"Pre-Drought",37.02336
"701","S1P4","C2",12.28724,"Pre-Drought",38.58168
"702","S1P6","C2",-13.24921,"Pre-Drought",40.27344
"703","S2P8","C2",-28.39035,"Pre-Drought",24.51984
"704","S2P6","C2",1.65397,"Pre-Drought",39.45144
"705","S3P4","C2",-10.67647,"Pre-Drought",38.24952
"706","S3P6","C2",4.86769,"Pre-Drought",41.10408
"707","S1P1","C1",1.00379,"Pre-Drought",37.63512
"708","S1P3","C1",6.93738,"Pre-Drought",38.4756
"709","S2P1","C1",-6.07234,"Pre-Drought",36.32952
"710","S3P1","C1",-4.25332,"Pre-Drought",36.16272
"711","S3P3","C1",-12.54376,"Pre-Drought",39.64656
"712","S3P5","C1",-2.45574,"Pre-Drought",37.96248
"713","S1P4","C2",0.06991,"Pre-Drought",39.43584
"714","S1P6","C2",0.11662,"Pre-Drought",41.12784
"715","S2P8","C2",11.84904,"Pre-Drought",25.03224
"716","S2P4","C2",-17.3581,"Pre-Drought",38.98488
"717","S2P6","C2",6.67991,"Pre-Drought",40.3056
"718","S3P2","C2",-9.06282,"Pre-Drought",38.82288
"719","S3P4","C2",-3.99535,"Pre-Drought",39.10416
"720","S3P6","C2",3.25555,"Pre-Drought",42.12984
"721","S1P1","C1",2.32116,"Pre-Drought",38.57784
"722","S2P1","C1",-1.0315,"Pre-Drought",37.18536
"723","S2P3","C1",16.08246,"Pre-Drought",39.73056
"724","S2P7","C1",-11.4585,"Pre-Drought",25.45968
"725","S3P1","C1",4.57536,"Pre-Drought",37.01712
"726","S3P3","C1",4.17093,"Pre-Drought",40.75728
"727","S3P5","C1",-10.8401,"Pre-Drought",38.81832
"728","S1P4","C2",4.58227,"Pre-Drought",40.3776
"729","S1P6","C2",0.394,"Pre-Drought",42.06672
"730","S2P4","C2",-23.56526,"Pre-Drought",39.9252
"731","S2P6","C2",-12.05468,"Pre-Drought",41.24592
"732","S3P2","C2",-20.8213,"Pre-Drought",39.76224
"733","S3P4","C2",-14.35736,"Pre-Drought",40.33368
"734","S3P6","C2",19.69216,"Pre-Drought",43.23984
"735","S1P1","C1",-16.09485,"Pre-Drought",39.43104
"736","S1P3","C1",-8.17409,"Pre-Drought",40.26936
"737","S2P3","C1",-12.0023,"Pre-Drought",40.58472
"738","S2P7","C1",8.95589,"Pre-Drought",25.97256
"739","S3P1","C1",14.81756,"Pre-Drought",38.24544
"740","S3P3","C1",17.5072,"Pre-Drought",41.78304
"741","S3P5","C1",-15.27322,"Pre-Drought",39.75768
"742","S1P4","C2",-1.1768,"Pre-Drought",41.23296
"743","S1P6","C2",-21.50703,"Pre-Drought",42.9216
"744","S2P8","C2",8.73983,"Pre-Drought",26.14368
"745","S2P4","C2",5.93994,"Pre-Drought",40.78104
"746","S2P6","C2",6.67507,"Pre-Drought",42.10056
"747","S3P2","C2",-3.11024,"Pre-Drought",40.61808
"748","S3P4","C2",3.98289,"Pre-Drought",41.18856
"749","S3P6","C2",-6.59288,"Pre-Drought",44.26512
"750","S1P1","C1",-12.69644,"Pre-Drought",40.3728
"751","S1P3","C1",8.09668,"Pre-Drought",41.12352
"752","S2P1","C1",-3.45768,"Pre-Drought",38.9808
"753","S2P3","C1",-12.98213,"Pre-Drought",41.5248
"754","S2P7","C1",-12.94182,"Pre-Drought",26.48592
"755","S3P1","C1",-24.64631,"Pre-Drought",39.10032
"756","S3P3","C1",0.50783,"Pre-Drought",42.89304
"757","S3P5","C1",-18.73966,"Pre-Drought",40.61328
"758","S1P4","C2",-6.38012,"Pre-Drought",42.17424
"759","S1P6","C2",-3.78056,"Pre-Drought",43.86168
"760","S2P8","C2",13.79857,"Pre-Drought",26.65704
"761","S2P4","C2",2.96043,"Pre-Drought",41.72112
"762","S2P6","C2",5.42995,"Pre-Drought",43.04016
"763","S3P2","C2",-3.71646,"Pre-Drought",41.55816
"764","S3P4","C2",3.48554,"Pre-Drought",42.41664
"765","S3P6","C2",36.72157,"Pre-Drought",45.37512
"766","S1P1","C1",-12.33725,"Pre-Drought",41.2284
"767","S1P3","C1",-6.5326,"Pre-Drought",42.06288
"768","S2P1","C1",-11.36688,"Pre-Drought",39.92112
"769","S2P3","C1",-8.17039,"Pre-Drought",42.37944
"770","S2P7","C1",-0.5759,"Pre-Drought",26.99832
"771","S3P1","C1",0.95565,"Pre-Drought",40.32984
"772","S3P3","C1",-30.10995,"Pre-Drought",43.91856
"773","S3P5","C1",6.66499,"Pre-Drought",41.55312
"774","S1P4","C2",10.68809,"Pre-Drought",43.02984
"775","S1P6","C2",7.04563,"Pre-Drought",44.7156
"776","S2P8","C2",-6.38295,"Pre-Drought",27.16944
"777","S2P4","C2",8.94189,"Pre-Drought",42.57696
"778","S2P6","C2",13.3692,"Pre-Drought",43.8948
"779","S3P2","C2",-6.06403,"Pre-Drought",42.41352
"780","S3P4","C2",-1.59987,"Pre-Drought",43.27656
"781","S3P6","C2",-31.61755,"Pre-Drought",46.40016
"782","S1P1","C1",-0.22723,"Pre-Drought",42.16944
"783","S1P3","C1",6.65444,"Pre-Drought",42.91752
"784","S2P1","C1",2.44154,"Pre-Drought",40.77696
"785","S2P3","C1",12.55713,"Pre-Drought",43.31928
"786","S2P7","C1",-4.98837,"Pre-Drought",27.5964
"787","S3P1","C1",-1.04727,"Pre-Drought",41.18448
"788","S3P3","C1",-15.86103,"Pre-Drought",45.02808
"789","S3P5","C1",10.28158,"Pre-Drought",42.40896
"790","S1P4","C2",-7.45878,"Pre-Drought",43.97064
"791","S1P6","C2",6.59312,"Pre-Drought",45.654
"792","S2P8","C2",-13.25318,"Pre-Drought",27.76752
"793","S2P4","C2",7.89138,"Pre-Drought",43.51728
"794","S2P6","C2",-18.33062,"Pre-Drought",44.83464
"795","S3P2","C2",11.35282,"Pre-Drought",43.35312
"796","S3P4","C2",-8.28562,"Pre-Drought",44.54688
"797","S3P6","C2",3.07121,"Pre-Drought",47.51112
"798","S1P1","C1",-0.82213,"Pre-Drought",43.02504
"799","S1P3","C1",-3.89899,"Pre-Drought",43.8576
"800","S2P1","C1",23.98073,"Pre-Drought",41.71704
"801","S2P3","C1",20.73785,"Pre-Drought",44.17368
"802","S2P7","C1",-2.90649,"Pre-Drought",28.0584
"803","S3P1","C1",-0.52363,"Pre-Drought",42.4128
"804","S3P3","C1",21.20097,"Pre-Drought",46.0536
"805","S3P5","C1",11.93271,"Pre-Drought",43.34856
"806","S1P4","C2",-4.0893,"Pre-Drought",44.82672
"807","S1P6","C2",2.25449,"Pre-Drought",46.51008
"808","S2P8","C2",25.58521,"Pre-Drought",28.22952
"809","S2P4","C2",-16.89992,"Pre-Drought",44.37216
"810","S2P6","C2",-7.48397,"Pre-Drought",45.68976
"811","S3P2","C2",2.19267,"Pre-Drought",44.20896
"812","S3P4","C2",-10.2506,"Pre-Drought",45.40416
"813","S1P1","C1",2.78891,"Pre-Drought",43.96584
"814","S1P3","C1",-12.84567,"Pre-Drought",44.712
"815","S2P1","C1",2.69656,"Pre-Drought",42.5724
"816","S2P3","C1",-9.4011,"Pre-Drought",45.11328
"817","S2P7","C1",-11.94624,"Pre-Drought",28.5708
"818","S3P1","C1",12.96685,"Pre-Drought",43.27272
"819","S3P3","C1",-18.41394,"Pre-Drought",47.16456
"820","S3P5","C1",-6.07369,"Pre-Drought",44.2044
"821","S1P4","C2",0.84415,"Pre-Drought",45.76704
"822","S2P8","C2",3.54305,"Pre-Drought",28.74192
"823","S2P4","C2",-5.8986,"Pre-Drought",45.31224
"824","S2P6","C2",-8.59364,"Pre-Drought",46.62936
"825","S3P2","C2",20.48064,"Pre-Drought",45.14928
"826","S3P4","C2",-11.26166,"Pre-Drought",46.58328
"827","S1P1","C1",-6.123,"Pre-Drought",44.82192
"828","S1P3","C1",7.03071,"Pre-Drought",45.64992
"829","S2P1","C1",-15.9988,"Pre-Drought",43.51272
"830","S2P3","C1",-16.86569,"Pre-Drought",45.9684
"831","S2P7","C1",-8.78034,"Pre-Drought",29.08416
"832","S3P1","C1",-1.20298,"Pre-Drought",44.5428
"833","S3P5","C1",-4.26977,"Pre-Drought",45.14448
"834","S1P4","C2",11.89553,"Pre-Drought",46.6224
"835","S2P8","C2",4.33378,"Pre-Drought",29.25528
"836","S2P4","C2",-36.29539,"Pre-Drought",46.1676
"837","S3P2","C2",0.58552,"Pre-Drought",46.0056
"838","S1P1","C1",-11.51764,"Pre-Drought",45.76248
"839","S1P3","C1",9.573,"Pre-Drought",46.50528
"840","S2P1","C1",-6.53189,"Pre-Drought",44.36808
"841","S2P3","C1",-8.93972,"Pre-Drought",46.90824
"842","S2P7","C1",-20.38409,"Pre-Drought",29.59656
"843","S3P1","C1",-14.33594,"Pre-Drought",45.40032
"844","S3P5","C1",19.16502,"Pre-Drought",46.00032
"845","S2P8","C2",3.36073,"Pre-Drought",29.76768
"846","S2P4","C2",10.80063,"Pre-Drought",47.10648
"847","S3P2","C2",-4.04979,"Pre-Drought",46.94544
"848","S1P1","C1",-16.05784,"Pre-Drought",46.61832
"849","S1P3","C1",20.66227,"Pre-Drought",47.44584
"850","S2P1","C1",-0.53373,"Pre-Drought",45.30816
"851","S2P7","C1",-20.90663,"Pre-Drought",30.1944
"852","S3P1","C1",4.03799,"Pre-Drought",46.57944
"853","S3P5","C1",-1.48301,"Pre-Drought",46.94088
"854","S2P8","C2",-5.51584,"Pre-Drought",30.36576
"855","S2P1","C1",4.33565,"Pre-Drought",46.16328
"856","S2P7","C1",-20.64047,"Pre-Drought",30.70656
"857","S3P1","C1",3.63919,"Pre-Drought",47.43504
"858","S2P8","C2",-29.57245,"Pre-Drought",30.87768
"859","S2P1","C1",-32.07198,"Pre-Drought",47.10216
"860","S2P7","C1",-9.41445,"Pre-Drought",31.21968
"861","S2P8","C2",-22.8833,"Pre-Drought",31.3908
"862","S2P7","C1",-1.99379,"Pre-Drought",31.73232
"863","S2P8","C2",-10.29453,"Pre-Drought",31.90272
"864","S2P7","C1",4.85896,"Pre-Drought",32.3292
"865","S2P8","C2",3.4769,"Pre-Drought",32.49984
"866","S2P7","C1",-5.14509,"Pre-Drought",32.84136
"867","S2P8","C2",-15.31477,"Pre-Drought",33.012
"868","S2P8","C2",3.62321,"Pre-Drought",33.5244
"869","S2P7","C1",-14.34749,"Pre-Drought",33.86544
"870","S2P8","C2",-1.92788,"Pre-Drought",34.03608
"871","S2P7","C1",-3.68655,"Pre-Drought",34.4628
"872","S2P8","C2",-14.02867,"Pre-Drought",34.63344
"873","S2P7","C1",-25.83737,"Pre-Drought",34.97472
"874","S2P8","C2",9.64692,"Pre-Drought",35.14584
"875","S2P7","C1",0.9559,"Pre-Drought",35.4888
"876","S2P8","C2",-23.32839,"Pre-Drought",35.65992
"877","S2P7","C1",0.33871,"Pre-Drought",36.00144
"878","S2P8","C2",-24.57991,"Pre-Drought",36.17256
"879","S2P7","C1",5.19589,"Pre-Drought",36.6
"880","S2P8","C2",-12.72421,"Pre-Drought",36.77112
"881","S2P7","C1",-13.39744,"Pre-Drought",37.11336
"882","S2P8","C2",1.34134,"Pre-Drought",37.28448
"883","S2P7","C1",23.90243,"Pre-Drought",37.62648
"884","S2P8","C2",7.26057,"Pre-Drought",37.7976
"885","S2P7","C1",16.11525,"Pre-Drought",38.73672
"886","S2P8","C2",-3.33921,"Pre-Drought",38.90784
"887","S2P7","C1",-16.26456,"Pre-Drought",39.24936
"888","S2P8","C2",15.96883,"Pre-Drought",39.42048
"889","S2P7","C1",-7.26079,"Pre-Drought",39.76272
"890","S2P8","C2",6.29773,"Pre-Drought",39.93384
"891","S2P7","C1",-2.54144,"Pre-Drought",40.27512
"892","S2P8","C2",13.12184,"Pre-Drought",40.446
"893","S2P7","C1",-25.17614,"Pre-Drought",40.87392
"894","S2P8","C2",-1.8498,"Pre-Drought",41.04504
"895","S2P7","C1",-15.56544,"Pre-Drought",41.3856
"896","S2P8","C2",-0.46665,"Pre-Drought",41.55672
"897","S2P7","C1",-37.4954,"Pre-Drought",41.89872
"898","S2P8","C2",25.90003,"Pre-Drought",42.06984
"899","S2P7","C1",0.41891,"Pre-Drought",42.41136
"900","S2P8","C2",-6.2904,"Pre-Drought",42.58248
"901","S2P7","C1",-1.29073,"Pre-Drought",43.0092
"902","S2P8","C2",15.27114,"Pre-Drought",43.69272
"903","S2P7","C1",19.1345,"Pre-Drought",44.03472
"904","S2P8","C2",7.48024,"Pre-Drought",44.20584
"905","S2P7","C1",-2.08539,"Pre-Drought",44.54712
"906","S2P8","C2",27.57934,"Pre-Drought",44.71824
"907","S2P7","C1",-0.83306,"Pre-Drought",45.14592
"908","S2P8","C2",-31.36994,"Pre-Drought",45.31704
"909","S2P7","C1",-18.30957,"Pre-Drought",45.65856
"910","S2P8","C2",-19.66725,"Pre-Drought",45.82968
"911","S2P8","C2",33.48942,"Pre-Drought",46.34328
"912","S2P7","C1",-3.48416,"Pre-Drought",47.28312
"913","S2P8","C2",-35.84909,"Pre-Drought",47.45424
"914","S2P8","C2",-0.7637,"Pre-Drought",47.96688
"915","S1P2","C2",3.04192,"Pre-Drought",0.31896
"916","S1P2","C2",15.04262,"Pre-Drought",0.66168
"917","S1P5","C1",-10.74923,"Pre-Drought",0.31416
"918","S1P2","C2",22.62443,"Pre-Drought",1.00392
"919","S1P5","C1",15.7132,"Pre-Drought",0.65688
"920","S1P2","C2",0.51564,"Pre-Drought",1.34616
"921","S1P5","C1",-10.3142,"Pre-Drought",0.99936
"922","S1P2","C2",-6.20231,"Pre-Drought",1.68888
"923","S1P5","C1",-16.28954,"Pre-Drought",1.3416
"924","S1P2","C2",-24.56188,"Pre-Drought",2.11632
"925","S1P5","C1",-7.38649,"Pre-Drought",1.68408
"926","S1P2","C2",-15.38285,"Pre-Drought",2.45784
"927","S1P5","C1",4.42207,"Pre-Drought",2.11176
"928","S1P2","C2",17.06081,"Pre-Drought",2.80032
"929","S1P5","C1",-14.89331,"Pre-Drought",2.45328
"930","S1P2","C2",14.03925,"Pre-Drought",3.1428
"931","S1P5","C1",-5.62711,"Pre-Drought",2.79576
"932","S1P2","C2",-10.18378,"Pre-Drought",3.48528
"933","S1P5","C1",2.7511,"Pre-Drought",3.13824
"934","S1P2","C2",-3.71025,"Pre-Drought",3.82776
"935","S1P5","C1",8.74915,"Pre-Drought",3.48072
"936","S1P2","C2",-3.20047,"Pre-Drought",4.25544
"937","S1P5","C1",-16.63601,"Pre-Drought",3.82344
"938","S1P2","C2",15.82163,"Pre-Drought",4.5984
"939","S1P5","C1",-3.05623,"Pre-Drought",4.25112
"940","S1P2","C2",-2.60718,"Pre-Drought",4.94088
"941","S1P5","C1",2.96094,"Pre-Drought",4.5936
"942","S1P2","C2",-7.31031,"Pre-Drought",5.28336
"943","S1P5","C1",16.60906,"Pre-Drought",4.93632
"944","S1P2","C2",3.08751,"Pre-Drought",5.62584
"945","S1P5","C1",2.05554,"Pre-Drought",5.2788
"946","S1P2","C2",2.90552,"Pre-Drought",5.96832
"947","S1P5","C1",-18.20399,"Pre-Drought",5.62128
"948","S1P2","C2",4.56759,"Pre-Drought",6.39552
"949","S1P5","C1",-24.58445,"Pre-Drought",5.964
"950","S1P2","C2",-0.24481,"Pre-Drought",6.738
"951","S1P5","C1",-8.02792,"Pre-Drought",6.3912
"952","S1P2","C2",21.85036,"Pre-Drought",7.08048
"953","S1P5","C1",16.50818,"Pre-Drought",6.73368
"954","S1P2","C2",-0.7503,"Pre-Drought",7.42296
"955","S1P5","C1",-3.23081,"Pre-Drought",7.07616
"956","S1P2","C2",-3.28863,"Pre-Drought",7.96248
"957","S1P5","C1",8.27593,"Pre-Drought",7.41864
"958","S1P2","C2",-15.42964,"Pre-Drought",8.30496
"959","S1P5","C1",-13.18456,"Pre-Drought",7.9584
"960","S1P2","C2",-8.79278,"Pre-Drought",8.81544
"961","S1P5","C1",-12.24317,"Pre-Drought",8.30064
"962","S1P2","C2",-4.97811,"Pre-Drought",9.15768
"963","S1P5","C1",-3.75501,"Pre-Drought",8.81112
"964","S1P2","C2",-3.57404,"Pre-Drought",9.75648
"965","S1P5","C1",-0.87889,"Pre-Drought",9.15336
"966","S1P2","C2",8.94108,"Pre-Drought",10.09824
"967","S1P5","C1",-15.36537,"Pre-Drought",9.75192
"968","S1P2","C2",16.57672,"Pre-Drought",10.6092
"969","S1P5","C1",-12.88236,"Pre-Drought",10.09392
"970","S1P2","C2",-6.93259,"Pre-Drought",10.95072
"971","S1P5","C1",4.30421,"Pre-Drought",10.60512
"972","S1P2","C2",22.36108,"Pre-Drought",11.54808
"973","S1P5","C1",-2.12835,"Pre-Drought",10.94664
"974","S1P2","C2",3.57555,"Pre-Drought",11.88984
"975","S1P5","C1",-1.51369,"Pre-Drought",11.544
"976","S1P2","C2",17.16602,"Pre-Drought",12.40008
"977","S1P5","C1",3.88196,"Pre-Drought",11.88552
"978","S1P2","C2",-8.82822,"Pre-Drought",12.74184
"979","S1P5","C1",0.73367,"Pre-Drought",12.39552
"980","S1P2","C2",11.29122,"Pre-Drought",13.34016
"981","S1P5","C1",-3.39147,"Pre-Drought",12.73752
"982","S1P2","C2",12.13752,"Pre-Drought",13.68144
"983","S1P5","C1",0.63828,"Pre-Drought",13.33584
"984","S1P2","C2",-25.91033,"Pre-Drought",14.19144
"985","S1P5","C1",13.5435,"Pre-Drought",13.67712
"986","S1P5","C1",37.94728,"Pre-Drought",14.18712
"987","S1P2","C2",28.52297,"Pre-Drought",15.13056
"988","S1P5","C1",-23.00566,"Pre-Drought",14.52888
"989","S1P2","C2",17.5605,"Pre-Drought",15.47184
"990","S1P2","C2",-0.66091,"Pre-Drought",15.98184
"991","S1P5","C1",2.0037,"Pre-Drought",15.46752
"992","S1P2","C2",14.52642,"Pre-Drought",16.32336
"993","S1P5","C1",10.10907,"Pre-Drought",15.97752
"994","S1P2","C2",17.29049,"Pre-Drought",16.92144
"995","S1P5","C1",8.74401,"Pre-Drought",16.3188
"996","S1P2","C2",14.58167,"Pre-Drought",17.26248
"997","S1P5","C1",15.28059,"Pre-Drought",16.91712
"998","S1P2","C2",-9.44275,"Pre-Drought",17.77416
"999","S1P5","C1",-7.84925,"Pre-Drought",17.2584
"1000","S1P2","C2",-11.17561,"Pre-Drought",18.11544
"1001","S1P5","C1",0.41416,"Pre-Drought",17.76984
"1002","S1P2","C2",12.99503,"Pre-Drought",18.71304
"1003","S1P5","C1",-4.06797,"Pre-Drought",18.11136
"1004","S1P2","C2",-12.56482,"Pre-Drought",19.05576
"1005","S1P5","C1",-5.48169,"Pre-Drought",18.70872
"1006","S1P2","C2",13.30971,"Pre-Drought",19.56696
"1007","S1P5","C1",-19.10317,"Pre-Drought",19.0512
"1008","S1P2","C2",-6.2118,"Pre-Drought",19.9092
"1009","S1P5","C1",8.85048,"Pre-Drought",19.5624
"1010","S1P2","C2",-9.87082,"Pre-Drought",20.50704
"1011","S1P5","C1",-0.14178,"Pre-Drought",19.90464
"1012","S1P2","C2",-9.53588,"Pre-Drought",20.84928
"1013","S1P5","C1",2.70794,"Pre-Drought",20.50248
"1014","S1P2","C2",7.9049,"Pre-Drought",21.3612
"1015","S1P5","C1",-12.12027,"Pre-Drought",20.84472
"1016","S1P2","C2",-1.96929,"Pre-Drought",21.70344
"1017","S1P5","C1",7.27491,"Pre-Drought",21.35664
"1018","S1P2","C2",-18.04186,"Pre-Drought",22.302
"1019","S1P5","C1",-37.19163,"Pre-Drought",21.69888
"1020","S1P2","C2",-8.55781,"Pre-Drought",22.64424
"1021","S1P5","C1",-9.76254,"Pre-Drought",22.29744
"1022","S1P2","C2",-7.36763,"Pre-Drought",23.15808
"1023","S1P5","C1",11.30882,"Pre-Drought",22.63968
"1024","S1P2","C2",28.97773,"Pre-Drought",23.50056
"1025","S1P5","C1",-8.50452,"Pre-Drought",23.15352
"1026","S1P2","C2",6.55606,"Pre-Drought",25.01016
"1027","S1P5","C1",-3.02969,"Pre-Drought",23.496
"1028","S1P2","C2",-18.20642,"Pre-Drought",26.03832
"1029","S1P2","C2",-14.7863,"Pre-Drought",27.15048
"1030","S1P5","C1",18.08566,"Pre-Drought",25.69104
"1031","S1P2","C2",2.11511,"Pre-Drought",28.17864
"1032","S1P5","C1",8.75578,"Pre-Drought",26.80344
"1033","S1P2","C2",20.25953,"Pre-Drought",29.29032
"1034","S1P5","C1",6.92665,"Pre-Drought",27.8316
"1035","S1P2","C2",19.77147,"Pre-Drought",30.31776
"1036","S1P5","C1",-29.51973,"Pre-Drought",28.94424
"1037","S1P2","C2",-26.04085,"Pre-Drought",32.16144
"1038","S1P5","C1",-33.03322,"Pre-Drought",29.97072
"1039","S1P2","C2",0.55485,"Pre-Drought",33.01656
"1040","S1P5","C1",-0.88474,"Pre-Drought",31.08336
"1041","S1P2","C2",6.21893,"Pre-Drought",33.95664
"1042","S1P5","C1",-5.22208,"Pre-Drought",32.15688
"1043","S1P2","C2",15.25165,"Pre-Drought",34.81344
"1044","S1P5","C1",-1.43231,"Pre-Drought",33.01248
"1045","S1P2","C2",16.92343,"Pre-Drought",35.75328
"1046","S1P5","C1",4.48116,"Pre-Drought",33.95232
"1047","S1P2","C2",11.31781,"Pre-Drought",36.60864
"1048","S1P5","C1",14.25615,"Pre-Drought",34.80888
"1049","S1P2","C2",6.89875,"Pre-Drought",37.54944
"1050","S1P5","C1",-6.16696,"Pre-Drought",35.7492
"1051","S1P2","C2",31.50595,"Pre-Drought",38.4048
"1052","S1P5","C1",-7.35216,"Pre-Drought",36.60408
"1053","S1P2","C2",4.48564,"Pre-Drought",39.34536
"1054","S1P5","C1",4.49772,"Pre-Drought",37.54512
"1055","S1P2","C2",-16.23751,"Pre-Drought",40.19976
"1056","S1P5","C1",23.81449,"Pre-Drought",38.40024
"1057","S1P2","C2",5.50443,"Pre-Drought",41.13936
"1058","S1P2","C2",2.24179,"Pre-Drought",41.99424
"1059","S1P5","C1",8.93923,"Pre-Drought",40.19544
"1060","S1P2","C2",38.98832,"Pre-Drought",42.93408
"1061","S1P5","C1",-9.5998,"Pre-Drought",41.13504
"1062","S1P2","C2",-15.63229,"Pre-Drought",43.78992
"1063","S1P5","C1",1.17114,"Pre-Drought",41.98968
"1064","S1P2","C2",-3.93225,"Pre-Drought",44.73024
"1065","S1P5","C1",-10.68367,"Pre-Drought",42.93
"1066","S1P2","C2",-2.40769,"Pre-Drought",45.58608
"1067","S1P5","C1",2.91193,"Pre-Drought",43.7856
"1068","S1P2","C2",3.9506,"Pre-Drought",46.52808
"1069","S1P5","C1",5.38052,"Pre-Drought",44.72616
"1070","S1P2","C2",18.12844,"Pre-Drought",47.38344
"1071","S1P5","C1",-7.18701,"Pre-Drought",45.58176
"1072","S1P5","C1",-7.18701,"Pre-Drought",46.52352
"1073","S1P5","C1",2.37117,"Pre-Drought",46.52352
"1074","S1P5","C1",2.37117,"Pre-Drought",47.37912
"1075","S1P5","C1",6.21272,"Pre-Drought",47.37912
"1076","S3P5","C1",168.6506,"Drought",0.3492
"1077","S3P2","C2",134.0863,"Drought",0.35352
"1078","S1P1","C1",11.82953,"Drought",0.007512
"1079","S3P5","C1",-11.31279,"Drought",0.86136
"1080","S1P6","C2",77.03299,"Drought",0.33864
"1081","S3P2","C2",57.47305,"Drought",0.86616
"1082","S1P1","C1",109.5893,"Drought",0.52056
"1083","S1P3","C1",39.20555,"Drought",0.33456
"1084","S2P1","C1",20.26801,"Drought",0.33408
"1085","S2P3","C1",-19.75143,"Drought",0.33744
"1086","S2P5","C1",-6.41514,"Drought",0.04584
"1087","S3P1","C1",6.33267,"Drought",0.33408
"1088","S3P3","C1",-7.75212,"Drought",0.33336
"1089","S3P5","C1",100.95051,"Drought",1.37424
"1090","S1P6","C2",42.65312,"Drought",0.85104
"1091","S2P2","C2",71.87096,"Drought",0.04992
"1092","S2P4","C2",66.41675,"Drought",0.3384
"1093","S2P6","C2",-11.48712,"Drought",0.34248
"1094","S3P2","C2",-3.1699,"Drought",1.3788
"1095","S3P4","C2",75.22597,"Drought",0.33816
"1096","S3P6","C2",1.23592,"Drought",0.33768
"1097","S1P1","C1",81.32898,"Drought",1.03416
"1098","S1P3","C1",27.46495,"Drought",0.84696
"1099","S2P1","C1",-47.76587,"Drought",0.8472
"1100","S2P3","C1",-26.42058,"Drought",0.85056
"1101","S2P5","C1",-0.82828,"Drought",0.55872
"1102","S3P1","C1",47.0276,"Drought",0.84672
"1103","S3P3","C1",-82.54555,"Drought",0.84552
"1104","S3P5","C1",29.58237,"Drought",2.05488
"1105","S1P6","C2",2.70619,"Drought",1.36344
"1106","S2P2","C2",-1.09509,"Drought",0.56256
"1107","S2P4","C2",61.4561,"Drought",0.85128
"1108","S2P6","C2",-3.94601,"Drought",0.85536
"1109","S3P2","C2",35.7813,"Drought",2.05992
"1110","S3P4","C2",44.86315,"Drought",0.85056
"1111","S3P6","C2",-16.58507,"Drought",0.85008
"1112","S1P1","C1",93.73469,"Drought",1.54656
"1113","S1P3","C1",-23.33548,"Drought",1.35912
"1114","S2P1","C1",12.30679,"Drought",1.36008
"1115","S2P3","C1",43.48314,"Drought",1.3644
"1116","S2P5","C1",-10.19475,"Drought",1.07112
"1117","S3P1","C1",78.22024,"Drought",1.35984
"1118","S3P3","C1",-27.65589,"Drought",1.35816
"1119","S3P5","C1",-49.13906,"Drought",2.56776
"1120","S1P6","C2",31.0386,"Drought",2.0448
"1121","S2P2","C2",30.13973,"Drought",1.07544
"1122","S2P4","C2",94.61408,"Drought",1.36512
"1123","S2P6","C2",-18.12287,"Drought",1.3692
"1124","S3P2","C2",197.36493,"Drought",2.57256
"1125","S3P4","C2",22.92924,"Drought",1.36368
"1126","S3P6","C2",-34.53024,"Drought",1.36224
"1127","S1P1","C1",7.90683,"Drought",2.22816
"1128","S1P3","C1",-43.87604,"Drought",2.04048
"1129","S2P1","C1",2.3096,"Drought",2.04336
"1130","S2P3","C1",17.20174,"Drought",2.04576
"1131","S2P5","C1",7.93435,"Drought",1.75344
"1132","S3P1","C1",84.19268,"Drought",2.04024
"1133","S3P3","C1",-67.94927,"Drought",2.03928
"1134","S1P6","C2",7.29755,"Drought",2.5572
"1135","S2P2","C2",-4.38949,"Drought",1.75776
"1136","S2P4","C2",63.66133,"Drought",2.04744
"1137","S2P6","C2",-7.77533,"Drought",2.05056
"1138","S3P2","C2",152.21513,"Drought",3.08664
"1139","S3P4","C2",61.66135,"Drought",2.04408
"1140","S3P6","C2",19.89329,"Drought",2.0436
"1141","S1P1","C1",38.11213,"Drought",2.7408
"1142","S1P3","C1",11.20806,"Drought",2.55312
"1143","S2P1","C1",-9.49632,"Drought",2.55648
"1144","S2P5","C1",86.5534,"Drought",2.2656
"1145","S3P1","C1",125.29669,"Drought",2.55312
"1146","S3P3","C1",-6.91943,"Drought",2.55168
"1147","S3P5","C1",3.77414,"Drought",3.59448
"1148","S2P2","C2",74.53884,"Drought",2.26968
"1149","S2P4","C2",93.00659,"Drought",2.56056
"1150","S2P6","C2",-6.80805,"Drought",2.56392
"1151","S3P4","C2",87.31193,"Drought",2.55696
"1152","S3P6","C2",-2.93307,"Drought",2.55576
"1153","S1P1","C1",78.56017,"Drought",3.25368
"1154","S2P1","C1",30.8028,"Drought",3.06984
"1155","S2P3","C1",26.51341,"Drought",3.07176
"1156","S2P5","C1",-10.195,"Drought",2.778
"1157","S3P1","C1",205.38801,"Drought",3.06576
"1158","S3P3","C1",114.07427,"Drought",3.0636
"1159","S3P5","C1",-32.53283,"Drought",4.27608
"1160","S2P2","C2",71.7063,"Drought",2.78232
"1161","S2P4","C2",112.59399,"Drought",3.07392
"1162","S3P4","C2",58.02277,"Drought",3.06984
"1163","S3P6","C2",-27.97244,"Drought",3.06816
"1164","S1P1","C1",88.76073,"Drought",3.76608
"1165","S2P1","C1",32.84921,"Drought",3.58248
"1166","S2P3","C1",102.33135,"Drought",3.58536
"1167","S2P5","C1",-14.09482,"Drought",3.29016
"1168","S3P1","C1",150.55942,"Drought",3.57912
"1169","S3P3","C1",20.54112,"Drought",3.576
"1170","S3P5","C1",64.69687,"Drought",4.79016
"1171","S2P2","C2",70.36784,"Drought",3.29496
"1172","S2P4","C2",157.60069,"Drought",3.58656
"1173","S2P6","C2",-11.29414,"Drought",3.59016
"1174","S3P2","C2",187.56466,"Drought",4.79496
"1175","S3P4","C2",85.15828,"Drought",3.58296
"1176","S3P6","C2",114.08842,"Drought",3.58056
"1177","S1P1","C1",61.61751,"Drought",4.4484
"1178","S2P1","C1",37.15141,"Drought",4.26408
"1179","S2P3","C1",98.75596,"Drought",4.26696
"1180","S2P5","C1",59.88409,"Drought",3.97248
"1181","S3P3","C1",4.09235,"Drought",4.25832
"1182","S3P5","C1",-87.58029,"Drought",5.3028
"1183","S2P2","C2",87.89473,"Drought",3.97656
"1184","S2P4","C2",89.60728,"Drought",4.26912
"1185","S2P6","C2",8.44461,"Drought",4.272
"1186","S3P4","C2",115.04702,"Drought",4.26456
"1187","S3P6","C2",-8.91902,"Drought",4.26288
"1188","S1P1","C1",16.13916,"Drought",4.96104
"1189","S2P1","C1",46.14082,"Drought",4.77696
"1190","S2P3","C1",75.32012,"Drought",4.78128
"1191","S2P5","C1",126.37161,"Drought",4.4856
"1192","S3P1","C1",82.03609,"Drought",4.7736
"1193","S3P3","C1",131.05691,"Drought",4.77048
"1194","S3P5","C1",-12.41516,"Drought",5.81496
"1195","S2P2","C2",128.4288,"Drought",4.48968
"1196","S2P4","C2",165.79705,"Drought",4.78104
"1197","S2P6","C2",123.29326,"Drought",4.78536
"1198","S3P2","C2",225.26806,"Drought",5.81976
"1199","S3P4","C2",132.43773,"Drought",4.77744
"1200","S3P6","C2",76.85915,"Drought",4.77504
"1201","S1P1","C1",117.58481,"Drought",5.4744
"1202","S2P1","C1",50.9355,"Drought",5.2908
"1203","S2P3","C1",53.81551,"Drought",5.29344
"1204","S2P5","C1",107.44499,"Drought",4.99824
"1205","S3P1","C1",117.00648,"Drought",5.286
"1206","S3P3","C1",39.54956,"Drought",5.2836
"1207","S3P5","C1",30.63935,"Drought",6.87912
"1208","S2P2","C2",170.69321,"Drought",5.00184
"1209","S2P4","C2",160.7199,"Drought",5.29536
"1210","S2P6","C2",-7.7879,"Drought",5.298
"1211","S3P2","C2",224.62447,"Drought",6.88392
"1212","S3P4","C2",114.50327,"Drought",5.29008
"1213","S3P6","C2",84.56937,"Drought",5.28768
"1214","S1P1","C1",126.10212,"Drought",5.98752
"1215","S2P1","C1",-3.79187,"Drought",5.80392
"1216","S2P3","C1",74.80271,"Drought",5.80776
"1217","S2P5","C1",71.59227,"Drought",5.51016
"1218","S3P1","C1",152.4997,"Drought",5.79936
"1219","S3P3","C1",54.05445,"Drought",5.79576
"1220","S3P5","C1",37.5815,"Drought",7.73328
"1221","S2P2","C2",201.60767,"Drought",5.51424
"1222","S2P4","C2",171.38542,"Drought",5.808
"1223","S2P6","C2",-36.00213,"Drought",5.8116
"1224","S3P2","C2",238.79895,"Drought",7.73808
"1225","S3P4","C2",-20.97439,"Drought",5.80368
"1226","S3P6","C2",77.83256,"Drought",5.80032
"1227","S1P1","C1",77.53142,"Drought",6.92448
"1228","S2P1","C1",57.99581,"Drought",6.77112
"1229","S2P3","C1",76.60413,"Drought",7.21176
"1230","S2P5","C1",98.2207,"Drought",6.192
"1231","S3P1","C1",134.1879,"Drought",6.60648
"1232","S3P3","C1",43.30388,"Drought",6.54312
"1233","S3P5","C1",62.13567,"Drought",8.75832
"1234","S1P6","C2",88.01192,"Drought",7.42632
"1235","S2P2","C2",92.80646,"Drought",6.19608
"1236","S2P4","C2",159.59026,"Drought",6.7752
"1237","S2P6","C2",-27.61901,"Drought",7.21656
"1238","S3P2","C2",214.55554,"Drought",8.76312
"1239","S3P4","C2",62.13271,"Drought",6.61032
"1240","S3P6","C2",46.0401,"Drought",6.54744
"1241","S1P1","C1",79.91499,"Drought",7.7808
"1242","S1P3","C1",64.9422,"Drought",7.42224
"1243","S2P1","C1",-43.52739,"Drought",7.62576
"1244","S2P3","C1",22.10943,"Drought",8.06784
"1245","S2P5","C1",70.13711,"Drought",6.64392
"1246","S3P1","C1",166.90998,"Drought",7.46232
"1247","S3P3","C1",15.90629,"Drought",7.398
"1248","S3P5","C1",15.39965,"Drought",9.61368
"1249","S2P2","C2",170.70354,"Drought",6.64824
"1250","S2P4","C2",166.9086,"Drought",7.63008
"1251","S2P6","C2",7.6955,"Drought",8.07288
"1252","S3P2","C2",317.18472,"Drought",9.61824
"1253","S3P4","C2",175.18107,"Drought",7.46616
"1254","S3P6","C2",37.59764,"Drought",7.40256
"1255","S1P1","C1",60.73414,"Drought",8.8044
"1256","S2P1","C1",82.43933,"Drought",8.64888
"1257","S2P3","C1",77.83843,"Drought",9.09312
"1258","S2P5","C1",33.66732,"Drought",7.4988
"1259","S3P1","C1",258.0737,"Drought",8.43744
"1260","S3P3","C1",39.53678,"Drought",8.42064
"1261","S3P5","C1",11.08226,"Drought",10.63656
"1262","S1P6","C2",70.63527,"Drought",9.30456
"1263","S2P2","C2",136.62016,"Drought",7.50336
"1264","S2P4","C2",230.94507,"Drought",8.65296
"1265","S2P6","C2",-15.40243,"Drought",9.09768
"1266","S3P2","C2",194.58868,"Drought",10.64136
"1267","S3P4","C2",39.30737,"Drought",8.44128
"1268","S3P6","C2",77.26235,"Drought",8.42496
"1269","S1P1","C1",38.72383,"Drought",9.66024
"1270","S1P3","C1",51.62525,"Drought",9.30024
"1271","S2P1","C1",49.70786,"Drought",9.50424
"1272","S2P3","C1",189.55656,"Drought",9.94896
"1273","S2P5","C1",55.18333,"Drought",8.52216
"1274","S3P1","C1",213.47392,"Drought",9.294
"1275","S3P3","C1",-11.91268,"Drought",9.27408
"1276","S3P5","C1",-57.72444,"Drought",11.49192
"1277","S1P6","C2",103.81108,"Drought",10.32912
"1278","S2P2","C2",113.6541,"Drought",8.52672
"1279","S2P4","C2",186.74356,"Drought",9.50832
"1280","S2P6","C2",17.17097,"Drought",9.95352
"1281","S3P2","C2",292.98277,"Drought",11.49696
"1282","S3P4","C2",129.52662,"Drought",9.29784
"1283","S3P6","C2",46.37304,"Drought",9.27864
"1284","S1P1","C1",58.29298,"Drought",10.68456
"1285","S1P3","C1",98.79042,"Drought",10.32504
"1286","S2P1","C1",-24.28003,"Drought",10.52808
"1287","S2P3","C1",106.85556,"Drought",10.974
"1288","S2P5","C1",116.35889,"Drought",9.37704
"1289","S3P1","C1",228.31917,"Drought",10.2708
"1290","S3P3","C1",-8.0375,"Drought",10.296
"1291","S3P5","C1",-2.19506,"Drought",12.51648
"1292","S1P6","C2",45.85944,"Drought",11.184
"1293","S2P2","C2",221.11648,"Drought",9.38136
"1294","S2P4","C2",261.87697,"Drought",10.53216
"1295","S2P6","C2",-40.15213,"Drought",10.97856
"1296","S3P2","C2",432.31578,"Drought",12.52104
"1297","S3P4","C2",111.01146,"Drought",10.27464
"1298","S3P6","C2",90.22524,"Drought",10.30056
"1299","S1P1","C1",91.90846,"Drought",11.54064
"1300","S1P3","C1",70.80791,"Drought",11.17944
"1301","S2P1","C1",33.04572,"Drought",11.3844
"1302","S2P3","C1",76.71054,"Drought",11.83008
"1303","S2P5","C1",177.75342,"Drought",10.40136
"1304","S3P1","C1",352.79001,"Drought",11.12664
"1305","S3P3","C1",-30.86305,"Drought",11.15016
"1306","S1P6","C2",121.03878,"Drought",12.20952
"1307","S2P2","C2",217.60779,"Drought",10.40544
"1308","S2P4","C2",232.8218,"Drought",11.38872
"1309","S3P4","C2",172.10657,"Drought",11.13048
"1310","S3P6","C2",78.87295,"Drought",11.15472
"1311","S1P1","C1",96.36276,"Drought",12.5652
"1312","S1P3","C1",216.0215,"Drought",12.20496
"1313","S2P1","C1",43.97086,"Drought",12.4092
"1314","S2P5","C1",188.77733,"Drought",11.256
"1315","S3P1","C1",294.03936,"Drought",12.10392
"1316","S3P3","C1",10.98451,"Drought",12.17304
"1317","S1P4","C2",36.96204,"Drought",0.012504
"1318","S1P6","C2",86.29186,"Drought",13.06464
"1319","S2P2","C2",142.1401,"Drought",11.26056
"1320","S2P4","C2",184.48298,"Drought",12.41328
"1321","S3P4","C2",141.99987,"Drought",12.10776
"1322","S3P6","C2",65.83325,"Drought",12.1776
"1323","S1P3","C1",218.04196,"Drought",13.06032
"1324","S2P5","C1",144.92101,"Drought",12.28056
"1325","S1P4","C2",-6.24627,"Drought",0.52488
"1326","S2P2","C2",167.49658,"Drought",12.28464
"1327","S3P4","C2",153.21928,"Drought",12.9636
"1328","S3P6","C2",139.17202,"Drought",13.03128
"1329","S1P4","C2",-37.15851,"Drought",1.03872
"1330","S2P2","C2",350.81423,"Drought",13.13928
"1331","S1P4","C2",27.19829,"Drought",1.55112
"1332","S1P4","C2",-26.22813,"Drought",2.23248
"1333","S3P2","C2",165.12313,"Drought",18.1572
"1334","S3P6","C2",49.84146,"Drought",15.9336
"1335","S1P1","C1",70.0529,"Drought",17.17992
"1336","S2P3","C1",117.67427,"Drought",17.47056
"1337","S3P5","C1",307.05073,"Drought",19.00776
"1338","S1P4","C2",56.83381,"Drought",2.74536
"1339","S1P6","C2",170.16932,"Drought",17.84856
"1340","S2P6","C2",376.43502,"Drought",17.47536
"1341","S3P2","C2",239.8964,"Drought",19.01256
"1342","S3P6","C2",116.62406,"Drought",16.78944
"1343","S1P1","C1",118.58958,"Drought",18.20304
"1344","S1P3","C1",130.83197,"Drought",17.84424
"1345","S2P3","C1",122.75115,"Drought",18.49536
"1346","S3P1","C1",288.4976,"Drought",17.60424
"1347","S3P3","C1",12.36673,"Drought",17.80944
"1348","S1P4","C2",-13.13438,"Drought",3.258
"1349","S1P6","C2",195.56214,"Drought",18.70248
"1350","S2P6","C2",84.39197,"Drought",18.50016
"1351","S3P2","C2",375.05894,"Drought",20.03616
"1352","S3P4","C2",218.67318,"Drought",17.60808
"1353","S3P6","C2",97.25437,"Drought",17.814
"1354","S1P1","C1",51.56214,"Drought",19.0584
"1355","S1P3","C1",131.92907,"Drought",18.6984
"1356","S2P3","C1",104.87053,"Drought",19.3512
"1357","S2P5","C1",192.38638,"Drought",17.91504
"1358","S3P1","C1",389.73975,"Drought",18.46032
"1359","S3P3","C1",-18.91222,"Drought",18.66528
"1360","S1P4","C2",36.21129,"Drought",3.77064
"1361","S1P6","C2",45.04996,"Drought",19.72584
"1362","S2P2","C2",405.21258,"Drought",17.91888
"1363","S2P6","C2",-21.76917,"Drought",19.35576
"1364","S3P2","C2",206.03974,"Drought",20.89128
"1365","S3P4","C2",168.84399,"Drought",18.46416
"1366","S3P6","C2",343.48633,"Drought",18.66984
"1367","S1P1","C1",127.52483,"Drought",20.08224
"1368","S1P3","C1",225.59368,"Drought",19.72128
"1369","S2P3","C1",91.70057,"Drought",20.37648
"1370","S2P5","C1",47.44085,"Drought",18.76944
"1371","S3P1","C1",277.10418,"Drought",19.4376
"1372","S3P3","C1",27.81771,"Drought",19.68888
"1373","S1P4","C2",52.19795,"Drought",4.45272
"1374","S1P6","C2",258.64315,"Drought",20.5812
"1375","S2P2","C2",252.715,"Drought",18.77352
"1376","S3P2","C2",202.89984,"Drought",21.91488
"1377","S3P4","C2",293.89311,"Drought",19.44144
"1378","S3P6","C2",22.15147,"Drought",19.69344
"1379","S1P1","C1",32.62095,"Drought",20.9376
"1380","S1P3","C1",232.66957,"Drought",20.57664
"1381","S2P3","C1",116.17799,"Drought",21.23256
"1382","S2P5","C1",207.546,"Drought",19.79352
"1383","S3P1","C1",360.64603,"Drought",20.29392
"1384","S3P5","C1",-117.76553,"Drought",22.76544
"1385","S1P4","C2",-3.03082,"Drought",4.96584
"1386","S1P6","C2",151.41432,"Drought",21.60528
"1387","S2P2","C2",559.74502,"Drought",19.79784
"1388","S2P6","C2",5.83435,"Drought",21.23712
"1389","S3P2","C2",341.59031,"Drought",22.77
"1390","S3P4","C2",229.3646,"Drought",20.29776
"1391","S3P6","C2",142.21963,"Drought",20.54856
"1392","S1P1","C1",-63.27389,"Drought",21.96168
"1393","S1P3","C1",242.87201,"Drought",21.60072
"1394","S2P3","C1",159.76016,"Drought",22.25808
"1395","S2P5","C1",165.30144,"Drought",20.64864
"1396","S3P1","C1",514.80545,"Drought",21.27048
"1397","S3P5","C1",18.9359,"Drought",24.16344
"1398","S1P4","C2",-21.78123,"Drought",5.4792
"1399","S1P6","C2",53.38933,"Drought",22.45872
"1400","S2P2","C2",452.69591,"Drought",20.65272
"1401","S2P6","C2",-24.51917,"Drought",22.26192
"1402","S3P2","C2",176.22427,"Drought",24.51024
"1403","S3P4","C2",256.08185,"Drought",21.27456
"1404","S1P1","C1",61.82241,"Drought",22.81752
"1405","S1P3","C1",150.33317,"Drought",22.4544
"1406","S2P3","C1",185.30224,"Drought",23.11296
"1407","S2P5","C1",176.97196,"Drought",21.67248
"1408","S3P1","C1",395.30559,"Drought",22.12632
"1409","S3P5","C1",-0.20221,"Drought",25.18944
"1410","S1P4","C2",3.0202,"Drought",5.99232
"1411","S1P6","C2",222.09336,"Drought",24.50856
"1412","S2P2","C2",186.63601,"Drought",21.67656
"1413","S2P6","C2",-1.42063,"Drought",23.11776
"1414","S3P2","C2",150.07829,"Drought",25.53696
"1415","S3P4","C2",99.63078,"Drought",22.13064
"1416","S1P1","C1",104.2969,"Drought",24.16224
"1417","S1P3","C1",210.64492,"Drought",23.47776
"1418","S2P1","C1",54.77961,"Drought",24.34992
"1419","S2P3","C1",85.53944,"Drought",24.16392
"1420","S2P5","C1",234.78005,"Drought",22.52664
"1421","S3P1","C1",268.31635,"Drought",23.10384
"1422","S3P3","C1",68.74615,"Drought",23.87496
"1423","S3P5","C1",-35.31343,"Drought",26.3856
"1424","S1P4","C2",-42.45292,"Drought",6.92928
"1425","S1P6","C2",233.22101,"Drought",25.53312
"1426","S2P2","C2",467.68185,"Drought",22.53048
"1427","S2P4","C2",231.74474,"Drought",24.696
"1428","S2P6","C2",29.08164,"Drought",24.50952
"1429","S3P2","C2",86.74269,"Drought",26.7324
"1430","S3P4","C2",269.65185,"Drought",23.10768
"1431","S3P6","C2",182.7416,"Drought",24.22128
"1432","S1P1","C1",134.68975,"Drought",25.18776
"1433","S1P3","C1",328.40757,"Drought",24.16272
"1434","S2P1","C1",88.41465,"Drought",25.37616
"1435","S2P3","C1",106.94005,"Drought",25.18872
"1436","S2P5","C1",153.16916,"Drought",23.54952
"1437","S3P1","C1",377.02245,"Drought",24.16632
"1438","S3P3","C1",4.80089,"Drought",24.90024
"1439","S3P5","C1",14.37041,"Drought",27.41184
"1440","S1P4","C2",107.03945,"Drought",7.7856
"1441","S1P6","C2",169.19042,"Drought",26.72664
"1442","S2P2","C2",307.53619,"Drought",24.50952
"1443","S2P4","C2",240.92227,"Drought",25.72224
"1444","S2P6","C2",23.29359,"Drought",25.53384
"1445","S3P2","C2",121.05186,"Drought",27.75864
"1446","S3P4","C2",250.01133,"Drought",24.51312
"1447","S3P6","C2",172.15609,"Drought",25.24704
"1448","S1P1","C1",140.42867,"Drought",26.38128
"1449","S1P3","C1",251.68183,"Drought",25.18752
"1450","S2P1","C1",53.57397,"Drought",26.56992
"1451","S2P3","C1",107.56346,"Drought",26.38224
"1452","S2P5","C1",97.85434,"Drought",24.16368
"1453","S3P1","C1",231.19375,"Drought",25.19328
"1454","S3P3","C1",25.66464,"Drought",26.09472
"1455","S3P5","C1",21.59526,"Drought",28.60632
"1456","S1P4","C2",99.38193,"Drought",8.8092
"1457","S1P6","C2",251.77554,"Drought",27.75144
"1458","S2P2","C2",387.57184,"Drought",25.53552
"1459","S2P4","C2",186.90026,"Drought",26.916
"1460","S2P6","C2",10.0672,"Drought",26.72784
"1461","S3P2","C2",117.6851,"Drought",28.95336
"1462","S3P4","C2",157.20638,"Drought",25.53936
"1463","S3P6","C2",154.51577,"Drought",26.44056
"1464","S1P1","C1",81.47645,"Drought",27.40728
"1465","S1P3","C1",238.48729,"Drought",26.38104
"1466","S2P1","C1",77.41326,"Drought",27.5952
"1467","S2P5","C1",110.69786,"Drought",25.18944
"1468","S3P1","C1",271.30233,"Drought",26.38872
"1469","S3P3","C1",42.35667,"Drought",27.11976
"1470","S3P5","C1",-26.38924,"Drought",29.63328
"1471","S1P4","C2",-7.96556,"Drought",9.66504
"1472","S1P6","C2",190.03618,"Drought",28.94592
"1473","S2P2","C2",347.85898,"Drought",26.73048
"1474","S2P4","C2",192.59181,"Drought",27.94176
"1475","S3P2","C2",98.64935,"Drought",29.98032
"1476","S3P4","C2",189.2376,"Drought",26.73408
"1477","S3P6","C2",180.10823,"Drought",27.46656
"1478","S1P1","C1",77.21862,"Drought",28.602
"1479","S1P3","C1",199.79195,"Drought",27.4056
"1480","S1P5","C1",59.48887,"Drought",0.32976
"1481","S2P1","C1",36.20404,"Drought",28.79016
"1482","S2P5","C1",149.88052,"Drought",26.3844
"1483","S3P1","C1",238.55047,"Drought",27.41424
"1484","S3P3","C1",-2.42222,"Drought",28.31448
"1485","S3P5","C1",-64.25889,"Drought",31.1124
"1486","S1P2","C2",67.98822,"Drought",0.3336
"1487","S1P4","C2",33.3403,"Drought",10.68912
"1488","S1P6","C2",163.18066,"Drought",29.97144
"1489","S2P2","C2",338.14169,"Drought",27.75648
"1490","S2P4","C2",188.68929,"Drought",29.13696
"1491","S3P2","C2",112.22228,"Drought",31.1172
"1492","S3P4","C2",136.78804,"Drought",27.76056
"1493","S3P6","C2",126.34722,"Drought",28.66056
"1494","S1P1","C1",54.17007,"Drought",29.62728
"1495","S1P3","C1",217.18845,"Drought",28.60032
"1496","S1P5","C1",74.30267,"Drought",0.6708
"1497","S2P1","C1",33.42438,"Drought",29.81664
"1498","S2P5","C1",196.38969,"Drought",27.41016
"1499","S3P1","C1",195.42006,"Drought",28.60992
"1500","S3P3","C1",5.99411,"Drought",29.33952
"1501","S3P5","C1",19.66653,"Drought",31.96728
"1502","S1P2","C2",17.57821,"Drought",0.67464
"1503","S1P4","C2",-16.20672,"Drought",11.54544
"1504","S1P6","C2",139.90469,"Drought",30.88896
"1505","S2P2","C2",373.89513,"Drought",28.95024
"1506","S2P4","C2",218.84696,"Drought",30.16344
"1507","S3P2","C2",154.7374,"Drought",31.97184
"1508","S3P4","C2",127.77539,"Drought",28.95552
"1509","S3P6","C2",158.17966,"Drought",29.6856
"1510","S1P1","C1",55.91058,"Drought",30.948
"1511","S1P3","C1",183.70028,"Drought",29.62536
"1512","S1P5","C1",7.2986,"Drought",1.01232
"1513","S2P1","C1",65.90511,"Drought",31.26672
"1514","S2P5","C1",180.861,"Drought",28.60392
"1515","S3P1","C1",296.26211,"Drought",29.63664
"1516","S3P3","C1",64.22579,"Drought",30.98616
"1517","S3P5","C1",6.96557,"Drought",32.99088
"1518","S1P2","C2",-21.54989,"Drought",1.0164
"1519","S1P4","C2",84.09813,"Drought",12.57
"1520","S1P6","C2",70.21523,"Drought",31.74408
"1521","S2P2","C2",293.85671,"Drought",29.97552
"1522","S2P4","C2",175.99936,"Drought",31.27104
"1523","S3P2","C2",59.73957,"Drought",32.99544
"1524","S3P4","C2",182.72421,"Drought",29.98224
"1525","S3P6","C2",106.73493,"Drought",30.99072
"1526","S1P1","C1",127.35292,"Drought",31.8036
"1527","S1P3","C1",243.18231,"Drought",30.88512
"1528","S1P5","C1",-31.46738,"Drought",1.35384
"1529","S2P1","C1",66.55778,"Drought",32.12304
"1530","S2P3","C1",71.04015,"Drought",31.764
"1531","S2P5","C1",117.35932,"Drought",29.6292
"1532","S3P1","C1",253.31286,"Drought",31.55496
"1533","S3P3","C1",1.23312,"Drought",31.8408
"1534","S3P5","C1",-16.90523,"Drought",33.84648
"1535","S1P2","C2",169.70766,"Drought",1.35768
"1536","S1P6","C2",102.95359,"Drought",32.76672
"1537","S2P2","C2",229.39075,"Drought",31.17024
"1538","S2P4","C2",184.70097,"Drought",32.12712
"1539","S2P6","C2",-4.77631,"Drought",31.76856
"1540","S3P2","C2",56.48456,"Drought",33.85104
"1541","S3P4","C2",184.37552,"Drought",31.5588
"1542","S3P6","C2",72.25985,"Drought",31.84536
"1543","S1P1","C1",68.40652,"Drought",32.7792
"1544","S1P3","C1",223.45285,"Drought",31.74
"1545","S1P5","C1",11.11434,"Drought",1.69464
"1546","S2P1","C1",98.21329,"Drought",33.14664
"1547","S2P5","C1",155.61207,"Drought",30.82416
"1548","S3P1","C1",215.5608,"Drought",32.41128
"1549","S3P3","C1",-14.24401,"Drought",32.8644
"1550","S3P5","C1",23.2922,"Drought",34.8708
"1551","S1P2","C2",5.0301,"Drought",1.69872
"1552","S1P6","C2",85.86987,"Drought",33.62064
"1553","S2P2","C2",261.19404,"Drought",32.19552
"1554","S2P4","C2",182.51566,"Drought",33.15072
"1555","S3P2","C2",73.01604,"Drought",34.87584
"1556","S3P4","C2",184.53467,"Drought",32.41536
"1557","S3P6","C2",119.63866,"Drought",32.86896
"1558","S1P1","C1",74.91947,"Drought",33.63576
"1559","S1P3","C1",119.91393,"Drought",32.7624
"1560","S1P5","C1",-5.68679,"Drought",2.20536
"1561","S2P1","C1",-7.84491,"Drought",34.00248
"1562","S2P3","C1",114.06988,"Drought",33.642
"1563","S2P5","C1",152.22401,"Drought",31.84968
"1564","S3P1","C1",346.90409,"Drought",33.43608
"1565","S3P3","C1",67.281,"Drought",33.71928
"1566","S3P5","C1",22.76824,"Drought",35.72712
"1567","S1P2","C2",-112.50514,"Drought",2.2092
"1568","S1P6","C2",64.94852,"Drought",34.64256
"1569","S2P2","C2",279.3052,"Drought",33.39048
"1570","S2P4","C2",170.02176,"Drought",34.00656
"1571","S2P6","C2",-12.3698,"Drought",33.64656
"1572","S3P2","C2",-28.34755,"Drought",35.73216
"1573","S3P4","C2",138.78486,"Drought",33.43992
"1574","S3P6","C2",177.42473,"Drought",33.7236
"1575","S1P1","C1",60.44901,"Drought",34.61232
"1576","S1P3","C1",122.5287,"Drought",33.61608
"1577","S1P5","C1",-15.7093,"Drought",2.5464
"1578","S2P1","C1",-14.78674,"Drought",35.02656
"1579","S2P3","C1",127.23092,"Drought",34.66656
"1580","S2P5","C1",34.71229,"Drought",33.0444
"1581","S3P1","C1",332.37633,"Drought",34.29192
"1582","S3P3","C1",51.97828,"Drought",34.74336
"1583","S3P5","C1",-6.45375,"Drought",36.75192
"1584","S1P2","C2",113.41412,"Drought",2.55024
"1585","S1P6","C2",165.97987,"Drought",35.49672
"1586","S2P2","C2",344.96194,"Drought",34.41672
"1587","S2P4","C2",201.61987,"Drought",35.03088
"1588","S2P6","C2",-31.87376,"Drought",34.67136
"1589","S3P2","C2",214.48383,"Drought",36.75672
"1590","S3P4","C2",246.00091,"Drought",34.296
"1591","S3P6","C2",262.06431,"Drought",34.74768
"1592","S1P1","C1",72.3837,"Drought",35.4684
"1593","S1P3","C1",190.86878,"Drought",34.638
"1594","S1P5","C1",115.24436,"Drought",2.88816
"1595","S2P1","C1",7.81215,"Drought",35.88312
"1596","S2P3","C1",193.8994,"Drought",35.52144
"1597","S2P5","C1",173.70772,"Drought",34.07016
"1598","S3P1","C1",182.74124,"Drought",35.3172
"1599","S3P3","C1",75.46182,"Drought",35.59824
"1600","S3P5","C1",-99.88299,"Drought",37.60776
"1601","S1P2","C2",69.15656,"Drought",2.89176
"1602","S1P6","C2",152.21914,"Drought",36.51936
"1603","S2P2","C2",221.19706,"Drought",35.61192
"1604","S2P4","C2",135.12751,"Drought",35.8872
"1605","S2P6","C2",82.54439,"Drought",35.52648
"1606","S3P2","C2",104.22336,"Drought",37.6128
"1607","S3P4","C2",335.52198,"Drought",35.32104
"1608","S3P6","C2",224.40763,"Drought",35.6028
"1609","S1P1","C1",122.82966,"Drought",36.4452
"1610","S1P3","C1",148.64423,"Drought",35.4924
"1611","S1P5","C1",55.18901,"Drought",3.22896
"1612","S2P1","C1",111.34118,"Drought",36.90744
"1613","S2P3","C1",213.80834,"Drought",36.54696
"1614","S2P5","C1",65.00861,"Drought",35.26584
"1615","S3P1","C1",398.36504,"Drought",36.17304
"1616","S3P3","C1",-16.48717,"Drought",36.62256
"1617","S1P2","C2",14.92877,"Drought",3.2328
"1618","S1P4","C2",24.19825,"Drought",18.20784
"1619","S1P6","C2",161.45858,"Drought",37.37352
"1620","S2P2","C2",324.6028,"Drought",36.63816
"1621","S2P4","C2",142.08382,"Drought",36.91176
"1622","S2P6","C2",142.70974,"Drought",36.55176
"1623","S3P4","C2",399.71247,"Drought",36.17688
"1624","S3P6","C2",155.82533,"Drought",36.62688
"1625","S1P1","C1",73.58766,"Drought",37.30128
"1626","S1P3","C1",237.90809,"Drought",36.51528
"1627","S1P5","C1",59.57995,"Drought",3.57
"1628","S2P1","C1",117.99111,"Drought",37.76352
"1629","S2P3","C1",307.74916,"Drought",37.40232
"1630","S2P5","C1",139.14822,"Drought",36.29184
"1631","S3P1","C1",167.08114,"Drought",37.19808
"1632","S3P3","C1",-52.3927,"Drought",37.47696
"1633","S1P2","C2",-13.21809,"Drought",3.57384
"1634","S2P2","C2",386.801,"Drought",37.83168
"1635","S2P4","C2",230.07522,"Drought",37.76784
"1636","S2P6","C2",-128.46983,"Drought",37.40688
"1637","S3P4","C2",288.90353,"Drought",37.20216
"1638","S3P6","C2",85.68149,"Drought",37.48128
"1639","S1P3","C1",180.32965,"Drought",37.3692
"1640","S1P5","C1",73.39481,"Drought",3.91104
"1641","S2P1","C1",38.71609,"Drought",38.7876
"1642","S2P5","C1",57.10323,"Drought",37.48608
"1643","S3P1","C1",344.67315,"Drought",38.0544
"1644","S1P2","C2",36.72178,"Drought",3.91536
"1645","S1P4","C2",47.53857,"Drought",20.08704
"1646","S1P6","C2",-132.02198,"Drought",39.25056
"1647","S2P4","C2",132.79243,"Drought",38.79216
"1648","S1P5","C1",49.90687,"Drought",4.42104
"1649","S2P1","C1",130.5241,"Drought",39.64368
"1650","S1P2","C2",0.74446,"Drought",4.42512
"1651","S1P4","C2",136.61815,"Drought",20.9424
"1652","S1P6","C2",125.20578,"Drought",40.27584
"1653","S2P4","C2",252.52464,"Drought",39.64776
"1654","S2P6","C2",34.52437,"Drought",39.28704
"1655","S3P6","C2",51.14651,"Drought",39.35856
"1656","S1P1","C1",-13.55857,"Drought",40.1124
"1657","S1P5","C1",158.72329,"Drought",4.76232
"1658","S2P3","C1",183.72181,"Drought",40.30728
"1659","S3P1","C1",290.46388,"Drought",39.9324
"1660","S3P3","C1",49.63704,"Drought",40.37808
"1661","S1P2","C2",-9.53392,"Drought",4.7664
"1662","S1P4","C2",26.45579,"Drought",21.966
"1663","S1P6","C2",103.60649,"Drought",41.13168
"1664","S2P4","C2",251.98201,"Drought",40.67112
"1665","S2P6","C2",119.7807,"Drought",40.31184
"1666","S3P4","C2",127.22952,"Drought",39.93648
"1667","S3P6","C2",374.97447,"Drought",40.3824
"1668","S1P1","C1",64.59353,"Drought",40.968
"1669","S1P3","C1",224.72027,"Drought",40.27128
"1670","S1P5","C1",94.51894,"Drought",5.10408
"1671","S2P1","C1",29.35065,"Drought",41.52216
"1672","S2P3","C1",185.67574,"Drought",41.16192
"1673","S3P1","C1",241.21568,"Drought",40.95816
"1674","S3P3","C1",-51.27784,"Drought",41.23296
"1675","S1P2","C2",-59.54367,"Drought",5.10768
"1676","S1P4","C2",108.46991,"Drought",22.82184
"1677","S1P6","C2",134.86411,"Drought",42.156
"1678","S2P4","C2",283.48666,"Drought",41.52648
"1679","S2P6","C2",-109.46625,"Drought",41.16672
"1680","S3P4","C2",107.56261,"Drought",40.96176
"1681","S3P6","C2",55.912,"Drought",41.23752
"1682","S1P1","C1",275.37046,"Drought",41.94576
"1683","S1P3","C1",169.24213,"Drought",41.12712
"1684","S1P5","C1",49.24997,"Drought",5.44536
"1685","S2P1","C1",21.45127,"Drought",42.54528
"1686","S2P3","C1",179.08969,"Drought",42.186
"1687","S3P1","C1",306.42792,"Drought",41.81352
"1688","S3P3","C1",296.04029,"Drought",42.25656
"1689","S1P2","C2",100.39958,"Drought",5.4492
"1690","S1P4","C2",114.0228,"Drought",24.5088
"1691","S1P6","C2",84.65371,"Drought",43.01232
"1692","S2P4","C2",147.93515,"Drought",42.54936
"1693","S2P6","C2",32.32794,"Drought",42.19008
"1694","S3P4","C2",163.58038,"Drought",41.81784
"1695","S3P6","C2",-3.42353,"Drought",42.26112
"1696","S1P1","C1",220.40203,"Drought",42.80184
"1697","S1P3","C1",164.97959,"Drought",42.15168
"1698","S1P5","C1",97.70519,"Drought",5.78664
"1699","S2P1","C1",5.37501,"Drought",43.40064
"1700","S2P3","C1",215.48612,"Drought",43.03992
"1701","S3P1","C1",212.23892,"Drought",42.83832
"1702","S3P3","C1",245.43413,"Drought",43.11144
"1703","S1P2","C2",7.86506,"Drought",5.79072
"1704","S1P4","C2",45.96444,"Drought",25.53408
"1705","S1P6","C2",203.04236,"Drought",44.03496
"1706","S2P4","C2",371.35299,"Drought",43.40472
"1707","S3P4","C2",201.09427,"Drought",42.8424
"1708","S3P6","C2",216.12308,"Drought",43.11576
"1709","S1P1","C1",159.09509,"Drought",43.77912
"1710","S1P3","C1",124.38716,"Drought",43.00776
"1711","S1P5","C1",36.68424,"Drought",6.12816
"1712","S2P1","C1",66.19309,"Drought",44.42448
"1713","S2P3","C1",167.36358,"Drought",44.06328
"1714","S3P1","C1",177.73328,"Drought",43.69416
"1715","S1P2","C2",-13.29826,"Drought",6.132
"1716","S1P4","C2",44.98123,"Drought",26.72784
"1717","S1P6","C2",138.00602,"Drought",44.89104
"1718","S2P4","C2",187.47538,"Drought",44.42856
"1719","S2P6","C2",211.69771,"Drought",44.06808
"1720","S3P4","C2",218.60414,"Drought",43.698
"1721","S3P6","C2",485.62507,"Drought",44.14032
"1722","S1P1","C1",123.36157,"Drought",44.63544
"1723","S1P3","C1",229.9491,"Drought",44.03136
"1724","S1P5","C1",104.23361,"Drought",6.63768
"1725","S2P1","C1",-158.51273,"Drought",45.28008
"1726","S2P3","C1",131.99703,"Drought",44.91864
"1727","S3P1","C1",297.61388,"Drought",44.7192
"1728","S3P3","C1",215.99306,"Drought",44.99088
"1729","S3P5","C1",34.58461,"Drought",47.0076
"1730","S1P2","C2",12.26762,"Drought",6.64176
"1731","S1P4","C2",50.91375,"Drought",27.7536
"1732","S2P4","C2",304.69361,"Drought",45.28416
"1733","S3P2","C2",183.69064,"Drought",47.01216
"1734","S3P4","C2",176.17808,"Drought",44.72328
"1735","S3P6","C2",-31.30262,"Drought",44.99544
"1736","S1P1","C1",142.22528,"Drought",45.612
"1737","S1P3","C1",216.21469,"Drought",44.88672
"1738","S1P5","C1",79.09642,"Drought",6.97896
"1739","S2P1","C1",35.91545,"Drought",46.30368
"1740","S2P3","C1",246.65766,"Drought",45.94272
"1741","S3P1","C1",378.14593,"Drought",45.57552
"1742","S3P3","C1",215.75569,"Drought",46.01424
"1743","S1P2","C2",49.96889,"Drought",6.9828
"1744","S1P4","C2",37.31892,"Drought",28.94808
"1745","S2P2","C2",335.31282,"Drought",47.736
"1746","S2P4","C2",138.49705,"Drought",46.30776
"1747","S3P4","C2",333.64368,"Drought",45.57984
"1748","S3P6","C2",551.91513,"Drought",46.01856
"1749","S1P1","C1",315.61738,"Drought",46.46808
"1750","S1P5","C1",114.4156,"Drought",7.32024
"1751","S2P1","C1",109.8381,"Drought",47.15952
"1752","S2P3","C1",222.61254,"Drought",46.79616
"1753","S2P5","C1",243.26337,"Drought",47.38968
"1754","S3P1","C1",222.56138,"Drought",46.60032
"1755","S3P3","C1",158.74675,"Drought",46.86816
"1756","S1P2","C2",54.98149,"Drought",7.32408
"1757","S1P4","C2",3.20117,"Drought",29.97456
"1758","S2P4","C2",33.87785,"Drought",47.1636
"1759","S2P6","C2",-36.77345,"Drought",46.8
"1760","S3P4","C2",203.30205,"Drought",46.6044
"1761","S3P6","C2",362.21927,"Drought",46.87248
"1762","S1P1","C1",7.14067,"Drought",47.44536
"1763","S1P5","C1",91.61235,"Drought",7.66128
"1764","S3P1","C1",226.33515,"Drought",47.45592
"1765","S1P2","C2",62.26704,"Drought",7.66536
"1766","S1P4","C2",-14.28548,"Drought",30.9528
"1767","S1P5","C1",145.2416,"Drought",8.0028
"1768","S1P2","C2",-15.20018,"Drought",8.00664
"1769","S1P4","C2",-31.89398,"Drought",31.80864
"1770","S1P5","C1",123.25816,"Drought",8.34408
"1771","S1P2","C2",52.54415,"Drought",8.3484
"1772","S1P4","C2",35.5379,"Drought",32.78424
"1773","S1P5","C1",-35.07414,"Drought",9.03744
"1774","S1P2","C2",-44.36346,"Drought",9.04128
"1775","S1P4","C2",22.23129,"Drought",33.64056
"1776","S1P5","C1",-2.57463,"Drought",9.37896
"1777","S1P2","C2",36.72303,"Drought",9.38304
"1778","S1P4","C2",34.75192,"Drought",34.61688
"1779","S1P5","C1",112.57902,"Drought",9.8916
"1780","S1P2","C2",-45.67088,"Drought",9.89544
"1781","S1P4","C2",-33.67127,"Drought",35.47296
"1782","S1P5","C1",7.33947,"Drought",10.23312
"1783","S1P2","C2",-4.69569,"Drought",10.2372
"1784","S1P4","C2",-25.20377,"Drought",36.45
"1785","S1P5","C1",70.76337,"Drought",10.914
"1786","S1P2","C2",-52.1672,"Drought",10.91784
"1787","S1P4","C2",82.52367,"Drought",37.30608
"1788","S1P5","C1",131.18098,"Drought",11.25528
"1789","S1P2","C2",19.20246,"Drought",11.25936
"1790","S1P5","C1",66.57568,"Drought",11.76816
"1791","S1P2","C2",-50.21892,"Drought",11.77224
"1792","S1P5","C1",98.99964,"Drought",12.10968
"1793","S1P2","C2",-41.49579,"Drought",12.11352
"1794","S1P4","C2",44.77939,"Drought",40.1172
"1795","S1P2","C2",73.58903,"Drought",12.79512
"1796","S1P4","C2",-77.07263,"Drought",40.97304
"1797","S1P2","C2",-45.02393,"Drought",13.1364
"1798","S1P4","C2",-30.31385,"Drought",41.95032
"1799","S1P4","C2",-27.3302,"Drought",42.80688
"1800","S1P4","C2",20.77564,"Drought",44.64
"1801","S1P4","C2",22.50342,"Drought",45.61656
"1802","S1P4","C2",-10.59316,"Drought",46.4724
"1803","S1P5","C1",141.88195,"Drought",16.88496
"1804","S1P5","C1",124.91014,"Drought",17.39784
"1805","S1P2","C2",28.90791,"Drought",17.74344
"1806","S1P2","C2",158.42552,"Drought",24.52416
"1807","S1P5","C1",250.40079,"Drought",25.2036
"1808","S1P2","C2",111.52497,"Drought",25.54944
"1809","S1P5","C1",70.0092,"Drought",26.39712
"1810","S1P2","C2",138.47517,"Drought",26.74296
"1811","S1P5","C1",106.19165,"Drought",27.42384
"1812","S1P2","C2",68.32699,"Drought",27.76968
"1813","S1P5","C1",76.91951,"Drought",28.61808
"1814","S1P2","C2",17.49501,"Drought",28.9656
"1815","S1P5","C1",97.05967,"Drought",29.64456
"1816","S1P2","C2",12.59042,"Drought",29.99016
"1817","S1P2","C2",12.59042,"Drought",31.22496
"1818","S1P2","C2",102.93021,"Drought",31.22496
"1819","S1P2","C2",102.93021,"Drought",32.07936
"1820","S1P2","C2",13.95362,"Drought",32.07936
"1821","S1P2","C2",13.95362,"Drought",33.10416
"1822","S1P2","C2",51.86261,"Drought",33.10416
"1823","S1P2","C2",51.86261,"Drought",33.95952
"1824","S1P2","C2",77.73231,"Drought",33.95952
"1825","S1P2","C2",77.73231,"Drought",34.98288
"1826","S1P2","C2",80.5143,"Drought",34.98288
"1827","S1P2","C2",80.5143,"Drought",35.83824
"1828","S1P2","C2",59.69393,"Drought",35.83824
"1829","S1P2","C2",59.69393,"Drought",36.86232
"1830","S1P2","C2",18.85577,"Drought",36.86232
"1831","S1P2","C2",18.85577,"Drought",37.71744
