"","Label","Pyr","Flux","Time","Condition"
"1","S1P1","C1",-0.00755,-0.62821,"Pre-Drought"
"2","S1P3","C1",0.00812,-0.6523,"Pre-Drought"
"3","S1P5","C1",0.02228,-1.58571,"Pre-Drought"
"4","S2P1","C1",-0.01168,-0.64587,"Pre-Drought"
"5","S2P3","C1",-0.01883,-0.60287,"Pre-Drought"
"6","S2P7","C1",-0.01185,-0.60692,"Pre-Drought"
"7","S3P1","C1",-0.000553,-0.6767,"Pre-Drought"
"8","S3P3","C1",0.0072,-0.65035,"Pre-Drought"
"9","S3P5","C1",-0.00145,-0.63999,"Pre-Drought"
"10","S1P2","C2",0.00828,-1.58551,"Pre-Drought"
"11","S1P4","C2",-0.000403,-0.59956,"Pre-Drought"
"12","S1P6","C2",-0.00795,-0.62365,"Pre-Drought"
"13","S2P8","C2",-0.01017,-0.57134,"Pre-Drought"
"14","S2P4","C2",0.00742,-0.61718,"Pre-Drought"
"15","S2P6","C2",0.01338,-0.58602,"Pre-Drought"
"16","S3P2","C2",-0.00702,-0.6113,"Pre-Drought"
"17","S3P4","C2",-0.004,-0.59302,"Pre-Drought"
"18","S3P6","C2",0.00371,-0.62163,"Pre-Drought"
"19","S1P1","C1",0.00378,-0.55352,"Pre-Drought"
"20","S1P3","C1",0.00679,-0.56583,"Pre-Drought"
"21","S1P5","C1",0.0392,-1.57144,"Pre-Drought"
"22","S2P1","C1",-0.00762,-0.57106,"Pre-Drought"
"23","S2P3","C1",-0.01465,-0.52815,"Pre-Drought"
"24","S2P7","C1",-0.00802,-0.53223,"Pre-Drought"
"25","S3P1","C1",0.00258,-0.62172,"Pre-Drought"
"26","S3P3","C1",0.00101,-0.5755,"Pre-Drought"
"27","S3P5","C1",0.0054,-0.56525,"Pre-Drought"
"28","S1P2","C2",-0.03636,-1.57124,"Pre-Drought"
"29","S1P4","C2",-0.002,-0.52488,"Pre-Drought"
"30","S1P6","C2",-0.01576,-0.53718,"Pre-Drought"
"31","S2P8","C2",-0.00795,-0.49657,"Pre-Drought"
"32","S2P4","C2",-0.02784,-0.54231,"Pre-Drought"
"33","S2P6","C2",-0.00651,-0.51125,"Pre-Drought"
"34","S3P2","C2",-0.00229,-0.5366,"Pre-Drought"
"35","S3P4","C2",-0.000677,-0.51817,"Pre-Drought"
"36","S3P6","C2",0.00421,-0.54682,"Pre-Drought"
"37","S1P1","C1",0.000737,-0.47876,"Pre-Drought"
"38","S1P3","C1",0.00718,-0.47899,"Pre-Drought"
"39","S1P5","C1",-0.00184,-1.55719,"Pre-Drought"
"40","S2P1","C1",-0.00367,-0.49623,"Pre-Drought"
"41","S2P7","C1",-0.00163,-0.45738,"Pre-Drought"
"42","S3P1","C1",0.00759,-0.54685,"Pre-Drought"
"43","S3P3","C1",-0.00116,-0.50073,"Pre-Drought"
"44","S3P5","C1",0.00247,-0.49064,"Pre-Drought"
"45","S1P2","C2",-0.02429,-1.55703,"Pre-Drought"
"46","S2P4","C2",-0.02011,-0.46752,"Pre-Drought"
"47","S1P5","C1",0.0174,-1.54294,"Pre-Drought"
"48","S3P1","C1",0.00481,-0.47201,"Pre-Drought"
"49","S1P2","C2",0.0032,-1.54275,"Pre-Drought"
"50","S1P5","C1",0.09321,-1.52872,"Pre-Drought"
"51","S1P2","C2",-0.02758,-1.52853,"Pre-Drought"
"52","S1P6","C2",0.00264,-0.27668,"Pre-Drought"
"53","S2P8","C2",0.00101,-0.27227,"Pre-Drought"
"54","S2P6","C2",0.00495,-0.28663,"Pre-Drought"
"55","S3P4","C2",-0.02749,-0.29367,"Pre-Drought"
"56","S1P1","C1",0.0081,-0.25434,"Pre-Drought"
"57","S1P3","C1",0.00817,-0.21856,"Pre-Drought"
"58","S1P5","C1",-0.03828,-1.51449,"Pre-Drought"
"59","S2P1","C1",-0.00526,-0.27181,"Pre-Drought"
"60","S2P3","C1",-0.00778,-0.22868,"Pre-Drought"
"61","S2P7","C1",0.00239,-0.23316,"Pre-Drought"
"62","S3P3","C1",-0.01523,-0.27639,"Pre-Drought"
"63","S3P5","C1",0.00452,-0.26672,"Pre-Drought"
"64","S1P2","C2",-0.0171,-1.51431,"Pre-Drought"
"65","S1P4","C2",0.0023,-0.22564,"Pre-Drought"
"66","S1P6","C2",-0.0057,-0.18968,"Pre-Drought"
"67","S2P8","C2",-0.00677,-0.19753,"Pre-Drought"
"68","S2P4","C2",0.0015,-0.24313,"Pre-Drought"
"69","S2P6","C2",0.00334,-0.21178,"Pre-Drought"
"70","S3P2","C2",-0.0051,-0.23808,"Pre-Drought"
"71","S3P4","C2",0.00131,-0.21884,"Pre-Drought"
"72","S3P6","C2",0.00257,-0.24769,"Pre-Drought"
"73","S1P1","C1",0.00412,-0.17954,"Pre-Drought"
"74","S1P3","C1",-0.00977,-0.1298,"Pre-Drought"
"75","S1P5","C1",-0.01256,-1.49675,"Pre-Drought"
"76","S2P1","C1",-0.00295,-0.19699,"Pre-Drought"
"77","S2P3","C1",-0.01716,-0.15382,"Pre-Drought"
"78","S2P7","C1",-0.00749,-0.15837,"Pre-Drought"
"79","S3P1","C1",0.0127,-0.24753,"Pre-Drought"
"80","S3P3","C1",-0.00777,-0.20163,"Pre-Drought"
"81","S3P5","C1",0.01732,-0.19205,"Pre-Drought"
"82","S1P2","C2",-0.000326,-1.49659,"Pre-Drought"
"83","S1P4","C2",0.00487,-0.15082,"Pre-Drought"
"84","S1P6","C2",-0.0047,-0.10104,"Pre-Drought"
"85","S2P8","C2",0.00255,-0.12279,"Pre-Drought"
"86","S2P4","C2",0.0069,-0.16826,"Pre-Drought"
"87","S2P6","C2",0.01164,-0.1369,"Pre-Drought"
"88","S3P2","C2",-0.00661,-0.16334,"Pre-Drought"
"89","S3P4","C2",0.00662,-0.14403,"Pre-Drought"
"90","S3P6","C2",0.00186,-0.17293,"Pre-Drought"
"91","S1P1","C1",0.01187,-0.10471,"Pre-Drought"
"92","S1P3","C1",0.00132,-0.04495,"Pre-Drought"
"93","S1P5","C1",-0.01202,-1.48253,"Pre-Drought"
"94","S2P1","C1",0.00985,-0.12216,"Pre-Drought"
"95","S2P3","C1",-0.01397,-0.07897,"Pre-Drought"
"96","S2P7","C1",0.00227,-0.08367,"Pre-Drought"
"97","S3P1","C1",-0.00732,-0.1727,"Pre-Drought"
"98","S3P3","C1",-0.01763,-0.12685,"Pre-Drought"
"99","S3P5","C1",-0.00212,-0.11728,"Pre-Drought"
"100","S1P2","C2",-0.00864,-1.48236,"Pre-Drought"
"101","S1P4","C2",-0.000735,-0.07598,"Pre-Drought"
"102","S1P6","C2",0.01102,-0.00735,"Pre-Drought"
"103","S2P8","C2",-0.00376,-0.04801,"Pre-Drought"
"104","S2P4","C2",0.01416,-0.09343,"Pre-Drought"
"105","S2P6","C2",-0.02382,-0.06207,"Pre-Drought"
"106","S3P2","C2",0.00125,-0.08854,"Pre-Drought"
"107","S3P4","C2",-0.0077,-0.06925,"Pre-Drought"
"108","S3P6","C2",0.0028,-0.09814,"Pre-Drought"
"109","S1P1","C1",-0.00404,-0.02986,"Pre-Drought"
"110","S1P3","C1",0.00198,-0.00755,"Pre-Drought"
"111","S1P5","C1",-0.00177,-1.46832,"Pre-Drought"
"112","S2P1","C1",0.00922,-0.04726,"Pre-Drought"
"113","S2P3","C1",-0.00183,-0.02704,"Pre-Drought"
"114","S2P7","C1",-0.01536,-0.00747,"Pre-Drought"
"115","S3P1","C1",0.00505,-0.09791,"Pre-Drought"
"116","S3P3","C1",-0.00842,-0.05207,"Pre-Drought"
"117","S3P5","C1",-0.00388,-0.04241,"Pre-Drought"
"118","S1P2","C2",0.00446,-1.46814,"Pre-Drought"
"119","S1P4","C2",0.00741,-0.00652,"Pre-Drought"
"120","S1P6","C2",0.00419,0.01405,"Pre-Drought"
"121","S2P8","C2",-0.00679,-0.000324,"Pre-Drought"
"122","S2P4","C2",-0.000286,-0.00723,"Pre-Drought"
"123","S2P6","C2",-0.0054,-0.03867,"Pre-Drought"
"124","S3P2","C2",0.00317,-0.01366,"Pre-Drought"
"125","S3P4","C2",-0.00382,-0.00716,"Pre-Drought"
"126","S3P6","C2",0.00782,-0.02815,"Pre-Drought"
"127","S1P1","C1",-0.02583,-0.0067,"Pre-Drought"
"128","S1P3","C1",0.00745,0.01385,"Pre-Drought"
"129","S2P1","C1",-0.00292,-0.00742,"Pre-Drought"
"130","S2P3","C1",-0.00545,-0.00565,"Pre-Drought"
"131","S2P7","C1",-0.004,0.01391,"Pre-Drought"
"132","S3P1","C1",0.01038,-0.02315,"Pre-Drought"
"133","S3P3","C1",-0.00136,-0.02834,"Pre-Drought"
"134","S3P5","C1",-0.00508,0.01333,"Pre-Drought"
"135","S1P4","C2",-0.00684,0.01488,"Pre-Drought"
"136","S1P6","C2",1.39e-05,0.03545,"Pre-Drought"
"137","S2P8","C2",-0.00749,0.02105,"Pre-Drought"
"138","S2P4","C2",-0.00246,0.01417,"Pre-Drought"
"139","S3P2","C2",0.0015,0.01354,"Pre-Drought"
"140","S3P4","C2",-0.00488,0.01422,"Pre-Drought"
"141","S3P6","C2",-0.0028,-0.00682,"Pre-Drought"
"142","S1P1","C1",0.01114,0.01469,"Pre-Drought"
"143","S1P3","C1",0.00876,0.03525,"Pre-Drought"
"144","S2P1","C1",0.02082,0.01398,"Pre-Drought"
"145","S2P3","C1",-0.00451,0.01573,"Pre-Drought"
"146","S2P7","C1",-0.000324,0.0353,"Pre-Drought"
"147","S3P1","C1",-0.00454,-0.00731,"Pre-Drought"
"148","S3P3","C1",-0.0024,-0.00703,"Pre-Drought"
"149","S3P5","C1",0.01305,0.03475,"Pre-Drought"
"150","S1P4","C2",-0.01218,0.0363,"Pre-Drought"
"151","S1P6","C2",-0.00387,0.05686,"Pre-Drought"
"152","S2P8","C2",-0.00082,0.04244,"Pre-Drought"
"153","S2P4","C2",-0.00539,0.03558,"Pre-Drought"
"154","S2P6","C2",-0.00163,0.01428,"Pre-Drought"
"155","S3P2","C2",0.00152,0.03495,"Pre-Drought"
"156","S3P4","C2",0.00151,0.03561,"Pre-Drought"
"157","S3P6","C2",0.01021,0.01455,"Pre-Drought"
"158","S1P1","C1",0.01453,0.0361,"Pre-Drought"
"159","S1P3","C1",-0.00396,0.05667,"Pre-Drought"
"160","S2P1","C1",0.00076,0.03539,"Pre-Drought"
"161","S2P3","C1",-0.00761,0.02591,"Pre-Drought"
"162","S2P7","C1",-0.01169,0.05667,"Pre-Drought"
"163","S3P1","C1",0.00451,0.01405,"Pre-Drought"
"164","S3P3","C1",-0.01034,0.01434,"Pre-Drought"
"165","S3P5","C1",0.00395,0.05618,"Pre-Drought"
"166","S1P4","C2",0.01912,0.0577,"Pre-Drought"
"167","S1P6","C2",0.00122,0.08181,"Pre-Drought"
"168","S2P8","C2",0.00124,0.06381,"Pre-Drought"
"169","S2P4","C2",-0.00121,0.05697,"Pre-Drought"
"170","S2P6","C2",0.000404,0.03568,"Pre-Drought"
"171","S3P2","C2",0.00151,0.05638,"Pre-Drought"
"172","S3P6","C2",0.00275,0.03595,"Pre-Drought"
"173","S1P1","C1",-0.00759,0.0575,"Pre-Drought"
"174","S1P3","C1",-0.00043,0.08161,"Pre-Drought"
"175","S2P1","C1",-0.00282,0.05678,"Pre-Drought"
"176","S2P3","C1",-0.00323,0.0473,"Pre-Drought"
"177","S2P7","C1",-0.0031,0.0816,"Pre-Drought"
"178","S3P1","C1",-0.0031,0.03544,"Pre-Drought"
"179","S3P3","C1",-0.0056,0.03574,"Pre-Drought"
"180","S3P5","C1",-0.00557,0.07759,"Pre-Drought"
"181","S1P4","C2",0.00156,0.08265,"Pre-Drought"
"182","S1P6","C2",-0.00801,0.10321,"Pre-Drought"
"183","S2P8","C2",0.00449,0.08874,"Pre-Drought"
"184","S2P4","C2",0.01133,0.0819,"Pre-Drought"
"185","S2P6","C2",-0.01173,0.05706,"Pre-Drought"
"186","S3P2","C2",-0.00576,0.0778,"Pre-Drought"
"187","S3P4","C2",-0.01579,0.08193,"Pre-Drought"
"188","S3P6","C2",-0.00144,0.06083,"Pre-Drought"
"189","S1P1","C1",-0.00186,0.08245,"Pre-Drought"
"190","S1P3","C1",-0.00833,0.10301,"Pre-Drought"
"191","S2P1","C1",-0.0168,0.08171,"Pre-Drought"
"192","S2P3","C1",0.00462,0.06868,"Pre-Drought"
"193","S2P7","C1",0.01024,0.10296,"Pre-Drought"
"194","S3P3","C1",-0.01317,0.06062,"Pre-Drought"
"195","S3P5","C1",0.01337,0.10253,"Pre-Drought"
"196","S1P4","C2",0.01076,0.10404,"Pre-Drought"
"197","S1P6","C2",-0.01322,0.12461,"Pre-Drought"
"198","S2P8","C2",-0.00103,0.1101,"Pre-Drought"
"199","S2P4","C2",1.55e-05,0.1033,"Pre-Drought"
"200","S2P6","C2",-0.00271,0.07846,"Pre-Drought"
"201","S3P2","C2",0.00487,0.10272,"Pre-Drought"
"202","S3P4","C2",0.00487,0.10334,"Pre-Drought"
"203","S3P6","C2",0.00621,0.08222,"Pre-Drought"
"204","S1P1","C1",-0.00536,0.10384,"Pre-Drought"
"205","S1P3","C1",-0.00406,0.12441,"Pre-Drought"
"206","S2P1","C1",-0.0065,0.10311,"Pre-Drought"
"207","S2P3","C1",0.01234,0.09008,"Pre-Drought"
"208","S2P7","C1",-0.01184,0.1244,"Pre-Drought"
"209","S3P1","C1",-0.01914,0.08177,"Pre-Drought"
"210","S3P3","C1",-0.00191,0.08201,"Pre-Drought"
"211","S3P5","C1",0.00726,0.12394,"Pre-Drought"
"212","S1P4","C2",-0.00524,0.12547,"Pre-Drought"
"213","S1P6","C2",-9.49e-05,0.14601,"Pre-Drought"
"214","S2P8","C2",0.00927,0.13154,"Pre-Drought"
"215","S2P4","C2",-0.00144,0.12471,"Pre-Drought"
"216","S2P6","C2",0.00914,0.10339,"Pre-Drought"
"217","S3P2","C2",-0.00343,0.12414,"Pre-Drought"
"218","S3P4","C2",-0.00161,0.12472,"Pre-Drought"
"219","S3P6","C2",0.00176,0.1036,"Pre-Drought"
"220","S1P1","C1",0.0036,0.12527,"Pre-Drought"
"221","S1P3","C1",-0.00339,0.14581,"Pre-Drought"
"222","S2P1","C1",0.01884,0.12453,"Pre-Drought"
"223","S2P3","C1",0.00451,0.11501,"Pre-Drought"
"224","S2P7","C1",-0.01348,0.14576,"Pre-Drought"
"225","S3P1","C1",-0.00268,0.10317,"Pre-Drought"
"226","S3P3","C1",0.01422,0.10339,"Pre-Drought"
"227","S3P5","C1",0.00872,0.14536,"Pre-Drought"
"228","S1P4","C2",-0.00091,0.14685,"Pre-Drought"
"229","S1P6","C2",-0.00546,0.17093,"Pre-Drought"
"230","S2P8","C2",-0.00532,0.15291,"Pre-Drought"
"231","S2P4","C2",-0.00364,0.14608,"Pre-Drought"
"232","S2P6","C2",0.00222,0.12477,"Pre-Drought"
"233","S3P2","C2",-0.000489,0.14557,"Pre-Drought"
"234","S3P4","C2",0.01686,0.14611,"Pre-Drought"
"235","S3P6","C2",0.000888,0.12501,"Pre-Drought"
"236","S1P1","C1",-0.00546,0.14666,"Pre-Drought"
"237","S1P3","C1",-0.00335,0.17073,"Pre-Drought"
"238","S2P1","C1",-0.01367,0.1459,"Pre-Drought"
"239","S2P3","C1",0.0099,0.13639,"Pre-Drought"
"240","S2P7","C1",-0.00292,0.17072,"Pre-Drought"
"241","S3P1","C1",0.00864,0.12455,"Pre-Drought"
"242","S3P3","C1",-0.00986,0.1248,"Pre-Drought"
"243","S3P5","C1",-0.01404,0.16678,"Pre-Drought"
"244","S1P4","C2",0.00501,0.17178,"Pre-Drought"
"245","S1P6","C2",0.01304,0.19233,"Pre-Drought"
"246","S2P8","C2",0.00885,0.17786,"Pre-Drought"
"247","S2P4","C2",0.00497,0.171,"Pre-Drought"
"248","S2P6","C2",0.01079,0.14615,"Pre-Drought"
"249","S3P2","C2",-0.0059,0.16698,"Pre-Drought"
"250","S3P4","C2",-0.000753,0.17102,"Pre-Drought"
"251","S3P6","C2",-0.000459,0.14993,"Pre-Drought"
"252","S1P1","C1",0.01632,0.17159,"Pre-Drought"
"253","S1P3","C1",-0.00176,0.19213,"Pre-Drought"
"254","S2P1","C1",-0.004,0.17081,"Pre-Drought"
"255","S2P3","C1",0.00192,0.15777,"Pre-Drought"
"256","S2P7","C1",0.00289,0.19207,"Pre-Drought"
"257","S3P1","C1",-0.00179,0.14594,"Pre-Drought"
"258","S3P3","C1",0.00771,0.14972,"Pre-Drought"
"259","S3P5","C1",-0.0073,0.19174,"Pre-Drought"
"260","S1P4","C2",-0.00439,0.19318,"Pre-Drought"
"261","S1P6","C2",-0.00547,0.21373,"Pre-Drought"
"262","S2P8","C2",-0.0025,0.19921,"Pre-Drought"
"263","S2P4","C2",-0.00968,0.19236,"Pre-Drought"
"264","S2P6","C2",0.00276,0.16755,"Pre-Drought"
"265","S3P2","C2",-0.00454,0.19192,"Pre-Drought"
"266","S3P4","C2",0.01941,0.19242,"Pre-Drought"
"267","S3P6","C2",0.00701,0.17134,"Pre-Drought"
"268","S1P1","C1",-0.00392,0.193,"Pre-Drought"
"269","S1P3","C1",0.01122,0.21353,"Pre-Drought"
"270","S2P1","C1",-0.00163,0.19218,"Pre-Drought"
"271","S2P3","C1",-0.00905,0.17917,"Pre-Drought"
"272","S2P7","C1",-0.01318,0.21347,"Pre-Drought"
"273","S3P1","C1",-0.00546,0.17086,"Pre-Drought"
"274","S3P3","C1",-0.00387,0.17113,"Pre-Drought"
"275","S3P5","C1",-0.0053,0.21314,"Pre-Drought"
"276","S1P4","C2",0.00374,0.21457,"Pre-Drought"
"277","S1P6","C2",-0.00092,0.23512,"Pre-Drought"
"278","S2P8","C2",0.00969,0.2206,"Pre-Drought"
"279","S2P4","C2",-0.00633,0.21375,"Pre-Drought"
"280","S2P6","C2",0.00056,0.19243,"Pre-Drought"
"281","S3P2","C2",0.01305,0.2133,"Pre-Drought"
"282","S3P4","C2",0.01075,0.21381,"Pre-Drought"
"283","S3P6","C2",0.01254,0.19274,"Pre-Drought"
"284","S1P1","C1",-0.00213,0.21438,"Pre-Drought"
"285","S1P3","C1",-0.00713,0.23492,"Pre-Drought"
"286","S2P1","C1",0.00316,0.21356,"Pre-Drought"
"287","S2P3","C1",-0.000187,0.20405,"Pre-Drought"
"288","S2P7","C1",-0.01091,0.23481,"Pre-Drought"
"289","S3P1","C1",-0.00226,0.19225,"Pre-Drought"
"290","S3P3","C1",-0.01492,0.19253,"Pre-Drought"
"291","S3P5","C1",-0.00485,0.23451,"Pre-Drought"
"292","S1P4","C2",-0.01297,0.23598,"Pre-Drought"
"293","S1P6","C2",0.00466,0.26002,"Pre-Drought"
"294","S2P8","C2",0.00327,0.24196,"Pre-Drought"
"295","S2P4","C2",0.00103,0.23514,"Pre-Drought"
"296","S2P6","C2",0.01019,0.21383,"Pre-Drought"
"297","S3P2","C2",-0.00766,0.23471,"Pre-Drought"
"298","S3P4","C2",0.00966,0.23521,"Pre-Drought"
"299","S3P6","C2",-0.00977,0.21414,"Pre-Drought"
"300","S1P1","C1",0.00677,0.23578,"Pre-Drought"
"301","S1P3","C1",-0.00363,0.25983,"Pre-Drought"
"302","S2P1","C1",-0.00427,0.23495,"Pre-Drought"
"303","S2P3","C1",0.00476,0.22545,"Pre-Drought"
"304","S2P7","C1",0.00263,0.25977,"Pre-Drought"
"305","S3P1","C1",0.00663,0.21363,"Pre-Drought"
"306","S3P3","C1",-0.0146,0.21394,"Pre-Drought"
"307","S3P5","C1",-0.006,0.2559,"Pre-Drought"
"308","S1P2","C2",-0.000589,-1.29012,"Pre-Drought"
"309","S1P4","C2",-0.000485,0.26093,"Pre-Drought"
"310","S1P6","C2",0.00537,0.28142,"Pre-Drought"
"311","S2P8","C2",0.00057,0.26691,"Pre-Drought"
"312","S2P4","C2",0.00864,0.26007,"Pre-Drought"
"313","S2P6","C2",-0.00997,0.2352,"Pre-Drought"
"314","S3P2","C2",0.00363,0.2561,"Pre-Drought"
"315","S3P4","C2",0.00801,0.26014,"Pre-Drought"
"316","S3P6","C2",-0.00286,0.23906,"Pre-Drought"
"317","S1P1","C1",-0.00171,0.26072,"Pre-Drought"
"318","S1P3","C1",-0.02035,0.28123,"Pre-Drought"
"319","S1P5","C1",0.03257,-1.27603,"Pre-Drought"
"320","S2P1","C1",-0.00579,0.25988,"Pre-Drought"
"321","S2P3","C1",-0.00721,0.24683,"Pre-Drought"
"322","S2P7","C1",0.00252,0.28113,"Pre-Drought"
"323","S3P1","C1",-0.01156,0.23503,"Pre-Drought"
"324","S3P3","C1",-0.00393,0.23885,"Pre-Drought"
"325","S3P5","C1",-0.00811,0.28087,"Pre-Drought"
"326","S1P2","C2",-0.00325,-1.27587,"Pre-Drought"
"327","S1P4","C2",0.01549,0.29495,"Pre-Drought"
"328","S1P6","C2",0.01277,0.30277,"Pre-Drought"
"329","S2P8","C2",0.000591,0.28828,"Pre-Drought"
"330","S2P4","C2",0.00526,0.28146,"Pre-Drought"
"331","S2P6","C2",0.01142,0.2566,"Pre-Drought"
"332","S3P2","C2",0.00566,0.28106,"Pre-Drought"
"333","S3P4","C2",0.00463,0.28153,"Pre-Drought"
"334","S3P6","C2",0.00476,0.34396,"Pre-Drought"
"335","S1P1","C1",0.00341,0.28212,"Pre-Drought"
"336","S1P3","C1",0.00591,0.3026,"Pre-Drought"
"337","S1P5","C1",0.00241,-1.26178,"Pre-Drought"
"338","S2P1","C1",0.000995,0.28127,"Pre-Drought"
"339","S2P3","C1",0.00165,0.26822,"Pre-Drought"
"340","S2P7","C1",-0.00497,0.30252,"Pre-Drought"
"341","S3P1","C1",-0.02431,0.25998,"Pre-Drought"
"342","S3P3","C1",-0.00621,0.26025,"Pre-Drought"
"343","S3P5","C1",-0.01141,0.30227,"Pre-Drought"
"344","S1P2","C2",0.00606,-1.26161,"Pre-Drought"
"345","S1P4","C2",-0.000558,0.33061,"Pre-Drought"
"346","S1P6","C2",-0.00573,0.32416,"Pre-Drought"
"347","S2P8","C2",0.01601,0.30966,"Pre-Drought"
"348","S2P4","C2",0.00293,0.30286,"Pre-Drought"
"349","S2P6","C2",0.00966,0.28152,"Pre-Drought"
"350","S3P2","C2",-0.00151,0.30247,"Pre-Drought"
"351","S3P4","C2",0.00882,0.30292,"Pre-Drought"
"352","S3P6","C2",0.02704,0.37954,"Pre-Drought"
"353","S1P1","C1",0.00186,0.29477,"Pre-Drought"
"354","S1P3","C1",0.00753,0.32397,"Pre-Drought"
"355","S1P5","C1",0.01175,-1.24755,"Pre-Drought"
"356","S2P1","C1",0.00328,0.30267,"Pre-Drought"
"357","S2P3","C1",-0.01256,0.29314,"Pre-Drought"
"358","S2P7","C1",-0.00336,0.32389,"Pre-Drought"
"359","S3P1","C1",-0.0089,0.28135,"Pre-Drought"
"360","S3P3","C1",-0.00932,0.34375,"Pre-Drought"
"361","S3P5","C1",1.65e-05,0.32558,"Pre-Drought"
"362","S1P2","C2",-0.000842,-1.24737,"Pre-Drought"
"363","S1P4","C2",0.00466,0.34993,"Pre-Drought"
"364","S1P6","C2",0.0016,0.34215,"Pre-Drought"
"365","S2P8","C2",0.00176,0.33103,"Pre-Drought"
"366","S2P4","C2",0.0115,0.32426,"Pre-Drought"
"367","S2P6","C2",0.01124,0.30757,"Pre-Drought"
"368","S3P2","C2",0.00557,0.32579,"Pre-Drought"
"369","S3P4","C2",0.004,0.32431,"Pre-Drought"
"370","S3P6","C2",0.01746,0.41865,"Pre-Drought"
"371","S1P1","C1",0.00684,0.33043,"Pre-Drought"
"372","S1P3","C1",0.01114,0.34196,"Pre-Drought"
"373","S1P5","C1",0.000285,-1.22977,"Pre-Drought"
"374","S2P1","C1",0.00693,0.32407,"Pre-Drought"
"375","S2P3","C1",0.00135,0.3192,"Pre-Drought"
"376","S2P7","C1",-0.00492,0.3488,"Pre-Drought"
"377","S3P1","C1",0.00722,0.30275,"Pre-Drought"
"378","S3P3","C1",-0.00448,0.37933,"Pre-Drought"
"379","S3P5","C1",-0.00361,0.36125,"Pre-Drought"
"380","S1P2","C2",0.00207,-1.22959,"Pre-Drought"
"381","S1P4","C2",0.01462,0.38561,"Pre-Drought"
"382","S1P6","C2",0.009,0.37781,"Pre-Drought"
"383","S2P8","C2",-0.00412,0.35594,"Pre-Drought"
"384","S2P4","C2",0.01197,0.34347,"Pre-Drought"
"385","S2P6","C2",-0.00598,0.34316,"Pre-Drought"
"386","S3P2","C2",0.01589,0.36145,"Pre-Drought"
"387","S3P4","C2",0.04809,0.34922,"Pre-Drought"
"388","S3P6","C2",0.01596,0.45426,"Pre-Drought"
"389","S1P1","C1",-0.00931,0.34973,"Pre-Drought"
"390","S1P3","C1",0.00895,0.37762,"Pre-Drought"
"391","S1P5","C1",0.02094,-1.21551,"Pre-Drought"
"392","S2P1","C1",0.00816,0.34326,"Pre-Drought"
"393","S2P3","C1",0.00102,0.3548,"Pre-Drought"
"394","S2P7","C1",0.0065,0.37016,"Pre-Drought"
"395","S3P1","C1",0.0034,0.32414,"Pre-Drought"
"396","S3P3","C1",-0.00112,0.41844,"Pre-Drought"
"397","S3P5","C1",0.00596,0.40043,"Pre-Drought"
"398","S1P2","C2",0.01177,-1.21531,"Pre-Drought"
"399","S1P4","C2",0.00975,0.4248,"Pre-Drought"
"400","S1P6","C2",-0.01198,0.41703,"Pre-Drought"
"401","S2P8","C2",0.0107,0.37727,"Pre-Drought"
"402","S2P4","C2",0.00634,0.3791,"Pre-Drought"
"403","S2P6","C2",-0.0208,0.39405,"Pre-Drought"
"404","S3P2","C2",0.00817,0.4006,"Pre-Drought"
"405","S3P4","C2",0.02486,0.36887,"Pre-Drought"
"406","S3P6","C2",0.01065,0.49346,"Pre-Drought"
"407","S1P1","C1",-0.000353,0.38542,"Pre-Drought"
"408","S1P3","C1",-0.00662,0.41683,"Pre-Drought"
"409","S1P5","C1",0.01324,-1.20125,"Pre-Drought"
"410","S2P1","C1",0.00345,0.37892,"Pre-Drought"
"411","S2P3","C1",-0.00091,0.40569,"Pre-Drought"
"412","S2P7","C1",0.00403,0.3915,"Pre-Drought"
"413","S3P1","C1",-0.01176,0.34906,"Pre-Drought"
"414","S3P3","C1",-0.00434,0.45405,"Pre-Drought"
"415","S3P5","C1",-0.00472,0.43609,"Pre-Drought"
"416","S1P2","C2",0.000834,-1.20104,"Pre-Drought"
"417","S1P4","C2",-0.01005,0.46047,"Pre-Drought"
"418","S1P6","C2",0.00713,0.45263,"Pre-Drought"
"419","S2P8","C2",0.00726,0.39861,"Pre-Drought"
"420","S2P4","C2",0.00216,0.41819,"Pre-Drought"
"421","S2P6","C2",0.00799,0.42963,"Pre-Drought"
"422","S3P2","C2",0.00158,0.4363,"Pre-Drought"
"423","S3P4","C2",0.02415,0.40442,"Pre-Drought"
"424","S1P1","C1",-0.0023,0.42461,"Pre-Drought"
"425","S1P3","C1",0.01311,0.45247,"Pre-Drought"
"426","S1P5","C1",-0.01819,-1.18696,"Pre-Drought"
"427","S2P1","C1",0.00113,0.41803,"Pre-Drought"
"428","S2P3","C1",0.01152,0.44126,"Pre-Drought"
"429","S2P7","C1",0.000784,0.41285,"Pre-Drought"
"430","S3P1","C1",-0.00646,0.36872,"Pre-Drought"
"431","S3P3","C1",0.01034,0.49325,"Pre-Drought"
"432","S3P5","C1",0.000924,0.47529,"Pre-Drought"
"433","S1P2","C2",-0.00308,-1.18678,"Pre-Drought"
"434","S1P4","C2",-0.00759,0.49965,"Pre-Drought"
"435","S1P6","C2",0.00978,0.49179,"Pre-Drought"
"436","S2P8","C2",0.00224,0.41995,"Pre-Drought"
"437","S2P4","C2",-0.00764,0.45376,"Pre-Drought"
"438","S2P6","C2",0.00836,0.48088,"Pre-Drought"
"439","S3P2","C2",-0.00352,0.47547,"Pre-Drought"
"440","S3P4","C2",0.02587,0.44353,"Pre-Drought"
"441","S1P1","C1",0.0054,0.46028,"Pre-Drought"
"442","S1P3","C1",-0.00925,0.4916,"Pre-Drought"
"443","S1P5","C1",0.00879,-1.17272,"Pre-Drought"
"444","S2P1","C1",0.01388,0.45358,"Pre-Drought"
"445","S2P3","C1",-0.00923,0.4925,"Pre-Drought"
"446","S2P7","C1",-0.00768,0.43779,"Pre-Drought"
"447","S3P1","C1",-0.01808,0.40426,"Pre-Drought"
"448","S3P5","C1",0.00817,0.51091,"Pre-Drought"
"449","S1P2","C2",0.01153,-1.17252,"Pre-Drought"
"450","S1P4","C2",0.00587,0.53531,"Pre-Drought"
"451","S1P6","C2",0.01409,0.52743,"Pre-Drought"
"452","S2P8","C2",0.0152,0.44492,"Pre-Drought"
"453","S2P4","C2",0.00134,0.49292,"Pre-Drought"
"454","S2P6","C2",-0.000445,0.51648,"Pre-Drought"
"455","S3P2","C2",-0.00541,0.5111,"Pre-Drought"
"456","S3P4","C2",0.01342,0.47916,"Pre-Drought"
"457","S1P1","C1",-0.00175,0.49946,"Pre-Drought"
"458","S1P3","C1",0.00605,0.52723,"Pre-Drought"
"459","S1P5","C1",-0.00795,-1.15844,"Pre-Drought"
"460","S2P1","C1",-0.01136,0.49273,"Pre-Drought"
"461","S2P3","C1",-0.00798,0.52811,"Pre-Drought"
"462","S2P7","C1",0.0048,0.45918,"Pre-Drought"
"463","S3P1","C1",-0.00497,0.44337,"Pre-Drought"
"464","S1P2","C2",-0.0045,-1.15825,"Pre-Drought"
"465","S2P8","C2",0.000426,0.46632,"Pre-Drought"
"466","S2P4","C2",-0.00294,0.52856,"Pre-Drought"
"467","S3P4","C2",0.0143,0.51837,"Pre-Drought"
"468","S1P1","C1",-0.01816,0.53512,"Pre-Drought"
"469","S1P5","C1",-0.00203,-1.14065,"Pre-Drought"
"470","S2P1","C1",0.0138,0.52838,"Pre-Drought"
"471","S2P7","C1",-0.00347,0.48056,"Pre-Drought"
"472","S3P1","C1",-0.0151,0.47899,"Pre-Drought"
"473","S1P2","C2",0.00672,-1.14046,"Pre-Drought"
"474","S2P8","C2",0.000932,0.4877,"Pre-Drought"
"475","S1P5","C1",0.00255,-1.12638,"Pre-Drought"
"476","S2P7","C1",-0.000604,0.50192,"Pre-Drought"
"477","S3P1","C1",-0.00897,0.51819,"Pre-Drought"
"478","S1P2","C2",-0.00943,-1.12619,"Pre-Drought"
"479","S2P8","C2",-0.00402,0.50906,"Pre-Drought"
"480","S3P6","C2",0.01954,0.71773,"Pre-Drought"
"481","S1P5","C1",-0.00651,-1.11214,"Pre-Drought"
"482","S2P7","C1",-0.00218,0.52686,"Pre-Drought"
"483","S1P2","C2",-0.000339,-1.11194,"Pre-Drought"
"484","S2P8","C2",0.0076,0.534,"Pre-Drought"
"485","S3P6","C2",0.00403,0.75333,"Pre-Drought"
"486","S1P5","C1",0.000552,-1.09789,"Pre-Drought"
"487","S3P3","C1",0.0026,0.71752,"Pre-Drought"
"488","S1P2","C2",0.00279,-1.0977,"Pre-Drought"
"489","S1P4","C2",0.02207,0.72416,"Pre-Drought"
"490","S1P6","C2",0.01113,0.71612,"Pre-Drought"
"491","S2P6","C2",-0.00392,0.7413,"Pre-Drought"
"492","S3P6","C2",0.00908,0.7925,"Pre-Drought"
"493","S1P3","C1",-0.00165,0.71596,"Pre-Drought"
"494","S1P5","C1",0.00671,-1.08365,"Pre-Drought"
"495","S2P3","C1",-0.01267,0.75292,"Pre-Drought"
"496","S3P3","C1",-0.00399,0.75313,"Pre-Drought"
"497","S3P5","C1",0.00315,0.73531,"Pre-Drought"
"498","S1P2","C2",-0.00672,-1.08346,"Pre-Drought"
"499","S1P4","C2",-0.00357,0.75979,"Pre-Drought"
"500","S1P6","C2",0.01122,0.75174,"Pre-Drought"
"501","S2P4","C2",0.00261,0.7173,"Pre-Drought"
"502","S2P6","C2",0.00347,0.77691,"Pre-Drought"
"503","S3P2","C2",0.0071,0.7355,"Pre-Drought"
"504","S3P6","C2",0.00844,0.82811,"Pre-Drought"
"505","S1P1","C1",-0.00482,0.72396,"Pre-Drought"
"506","S1P3","C1",0.00426,0.75157,"Pre-Drought"
"507","S1P5","C1",-0.00457,-1.06941,"Pre-Drought"
"508","S2P1","C1",-0.000999,0.71714,"Pre-Drought"
"509","S2P3","C1",0.00218,0.78853,"Pre-Drought"
"510","S3P3","C1",0.01817,0.79229,"Pre-Drought"
"511","S3P5","C1",0.00636,0.77448,"Pre-Drought"
"512","S1P2","C2",-0.01666,-1.0692,"Pre-Drought"
"513","S1P4","C2",-0.00371,0.79897,"Pre-Drought"
"514","S1P6","C2",0.00335,0.79089,"Pre-Drought"
"515","S2P4","C2",4.68e-05,0.75297,"Pre-Drought"
"516","S2P6","C2",0.01302,0.8281,"Pre-Drought"
"517","S3P2","C2",-0.00154,0.77468,"Pre-Drought"
"518","S3P4","C2",0.03175,0.74299,"Pre-Drought"
"519","S3P6","C2",0.01323,0.86721,"Pre-Drought"
"520","S1P1","C1",0.00825,0.75959,"Pre-Drought"
"521","S1P3","C1",-0.01894,0.79073,"Pre-Drought"
"522","S1P5","C1",-0.00468,-1.05161,"Pre-Drought"
"523","S2P1","C1",-0.000632,0.75279,"Pre-Drought"
"524","S2P3","C1",-0.00196,0.83972,"Pre-Drought"
"525","S3P3","C1",-0.00423,0.82791,"Pre-Drought"
"526","S3P5","C1",0.00014,0.81014,"Pre-Drought"
"527","S1P2","C2",-0.00535,-1.05141,"Pre-Drought"
"528","S1P4","C2",0.00898,0.83462,"Pre-Drought"
"529","S1P6","C2",0.01646,0.82649,"Pre-Drought"
"530","S2P4","C2",-0.00124,0.79212,"Pre-Drought"
"531","S2P6","C2",0.00309,0.86568,"Pre-Drought"
"532","S3P2","C2",-0.000689,0.81032,"Pre-Drought"
"533","S3P4","C2",0.03223,0.77863,"Pre-Drought"
"534","S3P6","C2",-0.00469,0.90284,"Pre-Drought"
"535","S1P1","C1",0.00425,0.79877,"Pre-Drought"
"536","S1P3","C1",0.000182,0.82633,"Pre-Drought"
"537","S1P5","C1",0.00396,-1.03736,"Pre-Drought"
"538","S2P1","C1",0.00592,0.79194,"Pre-Drought"
"539","S2P3","C1",-0.00349,0.8773,"Pre-Drought"
"540","S3P1","C1",0.01282,0.74282,"Pre-Drought"
"541","S3P3","C1",0.0024,0.867,"Pre-Drought"
"542","S3P5","C1",-0.00364,0.84935,"Pre-Drought"
"543","S1P2","C2",-0.00229,-1.03716,"Pre-Drought"
"544","S1P4","C2",0.00106,0.87376,"Pre-Drought"
"545","S1P6","C2",0.0029,0.86565,"Pre-Drought"
"546","S2P4","C2",-0.00771,0.82779,"Pre-Drought"
"547","S2P6","C2",0.01214,0.91491,"Pre-Drought"
"548","S3P2","C2",-0.00206,0.84953,"Pre-Drought"
"549","S3P4","C2",0.01559,0.81784,"Pre-Drought"
"550","S3P6","C2",0.01703,0.94201,"Pre-Drought"
"551","S1P1","C1",-0.00522,0.83443,"Pre-Drought"
"552","S1P3","C1",0.00862,0.86547,"Pre-Drought"
"553","S1P5","C1",-0.0087,-1.02311,"Pre-Drought"
"554","S2P1","C1",0.0161,0.8276,"Pre-Drought"
"555","S2P3","C1",-0.0017,0.92653,"Pre-Drought"
"556","S3P1","C1",-0.00672,0.77847,"Pre-Drought"
"557","S3P3","C1",0.0027,0.90263,"Pre-Drought"
"558","S3P5","C1",-0.00897,0.88497,"Pre-Drought"
"559","S1P2","C2",0.00106,-1.02291,"Pre-Drought"
"560","S1P4","C2",0.00377,0.90942,"Pre-Drought"
"561","S1P6","C2",0.00506,0.90126,"Pre-Drought"
"562","S2P4","C2",0.000802,0.86696,"Pre-Drought"
"563","S2P6","C2",0.000431,0.95056,"Pre-Drought"
"564","S3P2","C2",0.00707,0.88516,"Pre-Drought"
"565","S3P4","C2",0.03905,0.85351,"Pre-Drought"
"566","S3P6","C2",0.01503,1.00041,"Pre-Drought"
"567","S1P1","C1",-0.00388,0.87356,"Pre-Drought"
"568","S1P3","C1",0.00126,0.90111,"Pre-Drought"
"569","S1P5","C1",-0.01551,-1.00883,"Pre-Drought"
"570","S2P1","C1",0.00877,0.86679,"Pre-Drought"
"571","S2P3","C1",0.00189,0.96218,"Pre-Drought"
"572","S3P1","C1",0.02165,0.81766,"Pre-Drought"
"573","S3P3","C1",0.01129,0.94181,"Pre-Drought"
"574","S3P5","C1",-0.022,0.9242,"Pre-Drought"
"575","S1P2","C2",0.0096,-0.99909,"Pre-Drought"
"576","S1P4","C2",0.01255,0.94854,"Pre-Drought"
"577","S1P6","C2",0.01406,0.94044,"Pre-Drought"
"578","S2P4","C2",0.00574,0.90262,"Pre-Drought"
"579","S2P6","C2",0.00943,1.00938,"Pre-Drought"
"580","S3P2","C2",0.00138,0.9244,"Pre-Drought"
"581","S3P4","C2",0.02146,0.8927,"Pre-Drought"
"582","S3P6","C2",0.01058,1.04316,"Pre-Drought"
"583","S1P1","C1",-0.00452,0.90922,"Pre-Drought"
"584","S1P3","C1",-0.00359,0.94025,"Pre-Drought"
"585","S1P5","C1",-0.00171,-0.99928,"Pre-Drought"
"586","S2P1","C1",-0.00407,0.90243,"Pre-Drought"
"587","S2P3","C1",-0.01526,1.00672,"Pre-Drought"
"588","S3P1","C1",0.00758,0.85333,"Pre-Drought"
"589","S3P3","C1",0.000785,0.98595,"Pre-Drought"
"590","S3P5","C1",0.016,0.95986,"Pre-Drought"
"591","S1P2","C2",0.01152,-0.98481,"Pre-Drought"
"592","S1P4","C2",0.01083,1.02135,"Pre-Drought"
"593","S1P6","C2",0.00745,1.02112,"Pre-Drought"
"594","S2P8","C2",0.00422,0.71196,"Pre-Drought"
"595","S2P4","C2",-0.00473,0.94181,"Pre-Drought"
"596","S2P6","C2",0.006,1.0522,"Pre-Drought"
"597","S3P2","C2",-0.00502,0.96006,"Pre-Drought"
"598","S3P4","C2",-0.00223,0.92836,"Pre-Drought"
"599","S3P6","C2",0.00516,1.08949,"Pre-Drought"
"600","S1P1","C1",-0.01737,0.94838,"Pre-Drought"
"601","S1P3","C1",0.00668,0.97589,"Pre-Drought"
"602","S1P5","C1",-0.01427,-0.98501,"Pre-Drought"
"603","S2P1","C1",0.00772,0.94162,"Pre-Drought"
"604","S2P3","C1",-9e-04,1.04954,"Pre-Drought"
"605","S2P7","C1",-0.01095,0.72618,"Pre-Drought"
"606","S3P1","C1",0.00629,0.89252,"Pre-Drought"
"607","S3P3","C1",0.00653,1.0287,"Pre-Drought"
"608","S3P5","C1",-0.00113,1.00684,"Pre-Drought"
"609","S1P2","C2",-0.000611,-0.97057,"Pre-Drought"
"610","S1P4","C2",-0.01316,1.06413,"Pre-Drought"
"611","S1P6","C2",0.00745,1.06388,"Pre-Drought"
"612","S2P8","C2",-0.00909,0.73332,"Pre-Drought"
"613","S2P4","C2",0.00242,1.02203,"Pre-Drought"
"614","S2P6","C2",0.00021,1.09853,"Pre-Drought"
"615","S3P2","C2",-0.00823,1.02131,"Pre-Drought"
"616","S3P4","C2",0.02086,1.00166,"Pre-Drought"
"617","S3P6","C2",0.00971,1.13229,"Pre-Drought"
"618","S1P1","C1",0.01051,1.0069,"Pre-Drought"
"619","S1P3","C1",0.00773,1.00672,"Pre-Drought"
"620","S1P5","C1",0.00604,-0.97076,"Pre-Drought"
"621","S2P1","C1",-0.00555,0.97728,"Pre-Drought"
"622","S2P3","C1",-0.00783,1.09588,"Pre-Drought"
"623","S2P7","C1",-0.00579,0.74757,"Pre-Drought"
"624","S3P1","C1",0.00257,0.92818,"Pre-Drought"
"625","S3P3","C1",-0.000569,1.075,"Pre-Drought"
"626","S3P5","C1",-0.01412,1.04965,"Pre-Drought"
"627","S1P2","C2",-0.01277,-0.9563,"Pre-Drought"
"628","S1P4","C2",-0.01128,1.11046,"Pre-Drought"
"629","S1P6","C2",0.01689,1.11016,"Pre-Drought"
"630","S2P8","C2",0.0092,0.7547,"Pre-Drought"
"631","S2P4","C2",0.0138,1.06484,"Pre-Drought"
"632","S2P6","C2",-0.00059,1.14133,"Pre-Drought"
"633","S3P2","C2",0.00765,1.06411,"Pre-Drought"
"634","S3P4","C2",0.01796,1.05462,"Pre-Drought"
"635","S3P6","C2",-0.0023,1.17856,"Pre-Drought"
"636","S1P3","C1",0.00972,1.04944,"Pre-Drought"
"637","S1P5","C1",-0.0131,-0.95649,"Pre-Drought"
"638","S2P1","C1",-0.0073,1.00757,"Pre-Drought"
"639","S2P3","C1",-0.01087,1.13868,"Pre-Drought"
"640","S2P7","C1",0.00283,0.76892,"Pre-Drought"
"641","S3P1","C1",0.00618,0.98723,"Pre-Drought"
"642","S3P3","C1",0.00934,1.1178,"Pre-Drought"
"643","S3P5","C1",0.012,1.09597,"Pre-Drought"
"644","S1P2","C2",-0.04877,-0.94204,"Pre-Drought"
"645","S1P4","C2",-0.00695,1.15325,"Pre-Drought"
"646","S1P6","C2",-0.00324,1.15297,"Pre-Drought"
"647","S2P8","C2",0.01397,0.77605,"Pre-Drought"
"648","S2P4","C2",0.00511,1.11119,"Pre-Drought"
"649","S2P6","C2",0.01355,1.18765,"Pre-Drought"
"650","S3P2","C2",-0.000696,1.11045,"Pre-Drought"
"651","S3P4","C2",0.01058,1.0974,"Pre-Drought"
"652","S3P6","C2",0.01091,1.22134,"Pre-Drought"
"653","S1P1","C1",-0.00258,1.09602,"Pre-Drought"
"654","S1P3","C1",0.00119,1.09572,"Pre-Drought"
"655","S1P5","C1",-0.00898,-0.94223,"Pre-Drought"
"656","S2P1","C1",-0.00888,1.05038,"Pre-Drought"
"657","S2P3","C1",0.0063,1.185,"Pre-Drought"
"658","S2P7","C1",0.00217,0.79382,"Pre-Drought"
"659","S3P1","C1",-0.00252,1.04019,"Pre-Drought"
"660","S3P3","C1",0.00977,1.16412,"Pre-Drought"
"661","S3P5","C1",-0.00109,1.13878,"Pre-Drought"
"662","S1P2","C2",0.01231,-0.89126,"Pre-Drought"
"663","S1P4","C2",-0.00535,1.19955,"Pre-Drought"
"664","S1P6","C2",0.01921,1.19931,"Pre-Drought"
"665","S2P8","C2",0.01877,0.80095,"Pre-Drought"
"666","S2P4","C2",0.000164,1.15398,"Pre-Drought"
"667","S2P6","C2",-0.00648,1.23044,"Pre-Drought"
"668","S3P2","C2",0.0084,1.15322,"Pre-Drought"
"669","S3P4","C2",0.00534,1.14369,"Pre-Drought"
"670","S3P6","C2",0.01452,1.26763,"Pre-Drought"
"671","S1P3","C1",0.01574,1.13851,"Pre-Drought"
"672","S1P5","C1",-0.00743,-0.92795,"Pre-Drought"
"673","S2P1","C1",-0.00221,1.09672,"Pre-Drought"
"674","S2P3","C1",-0.000118,1.2278,"Pre-Drought"
"675","S2P7","C1",0.00998,0.81517,"Pre-Drought"
"676","S3P1","C1",-0.01196,1.08296,"Pre-Drought"
"677","S3P3","C1",0.000353,1.20686,"Pre-Drought"
"678","S3P5","C1",0.00541,1.18507,"Pre-Drought"
"679","S1P2","C2",-0.01059,-0.87701,"Pre-Drought"
"680","S1P4","C2",0.00142,1.24234,"Pre-Drought"
"681","S1P6","C2",0.00672,1.24209,"Pre-Drought"
"682","S2P8","C2",-0.00787,0.8223,"Pre-Drought"
"683","S2P4","C2",0.02013,1.20032,"Pre-Drought"
"684","S2P6","C2",-0.00454,1.27672,"Pre-Drought"
"685","S3P2","C2",-0.01209,1.1995,"Pre-Drought"
"686","S3P4","C2",-0.00911,1.18647,"Pre-Drought"
"687","S3P6","C2",0.01354,1.31038,"Pre-Drought"
"688","S1P1","C1",0.00674,1.18509,"Pre-Drought"
"689","S1P3","C1",0.000388,1.18484,"Pre-Drought"
"690","S1P5","C1",-0.01862,-0.89146,"Pre-Drought"
"691","S2P1","C1",-0.00138,1.13954,"Pre-Drought"
"692","S2P3","C1",-0.0107,1.2741,"Pre-Drought"
"693","S2P7","C1",-0.00578,0.83655,"Pre-Drought"
"694","S3P1","C1",-0.00276,1.12927,"Pre-Drought"
"695","S3P3","C1",-0.00732,1.25317,"Pre-Drought"
"696","S3P5","C1",0.00336,1.22782,"Pre-Drought"
"697","S1P2","C2",0.01164,-0.86273,"Pre-Drought"
"698","S1P4","C2",-0.01602,1.28867,"Pre-Drought"
"699","S1P6","C2",0.01052,1.379,"Pre-Drought"
"700","S2P8","C2",-0.00391,0.84368,"Pre-Drought"
"701","S2P4","C2",-0.00972,1.24311,"Pre-Drought"
"702","S2P6","C2",-0.01035,1.34462,"Pre-Drought"
"703","S3P2","C2",-0.00581,1.24228,"Pre-Drought"
"704","S3P4","C2",-0.00353,1.23275,"Pre-Drought"
"705","S3P6","C2",0.00458,1.35662,"Pre-Drought"
"706","S1P1","C1",-0.00242,1.22788,"Pre-Drought"
"707","S1P3","C1",0.00318,1.22764,"Pre-Drought"
"708","S1P5","C1",-0.000222,-0.87721,"Pre-Drought"
"709","S2P1","C1",0.0021,1.18587,"Pre-Drought"
"710","S2P3","C1",-0.00675,1.31684,"Pre-Drought"
"711","S2P7","C1",0.000963,0.85791,"Pre-Drought"
"712","S3P1","C1",-0.00326,1.17205,"Pre-Drought"
"713","S3P3","C1",0.00279,1.29593,"Pre-Drought"
"714","S3P5","C1",-0.00438,1.27414,"Pre-Drought"
"715","S1P2","C2",-0.00213,-0.84848,"Pre-Drought"
"716","S1P4","C2",-0.01288,1.33145,"Pre-Drought"
"717","S1P6","C2",0.01048,1.41459,"Pre-Drought"
"718","S2P8","C2",-0.00413,0.86502,"Pre-Drought"
"719","S2P4","C2",-0.000903,1.30921,"Pre-Drought"
"720","S2P6","C2",0.00671,1.38025,"Pre-Drought"
"721","S3P2","C2",0.00549,1.2886,"Pre-Drought"
"722","S3P4","C2",0.01731,1.27552,"Pre-Drought"
"723","S3P6","C2",0.00376,1.39934,"Pre-Drought"
"724","S1P1","C1",-0.01551,1.2742,"Pre-Drought"
"725","S1P3","C1",-0.00751,1.27396,"Pre-Drought"
"726","S1P5","C1",0.00348,-0.86294,"Pre-Drought"
"727","S2P1","C1",-0.000439,1.22866,"Pre-Drought"
"728","S2P3","C1",-0.01667,1.35624,"Pre-Drought"
"729","S2P7","C1",0.01717,0.88278,"Pre-Drought"
"730","S3P1","C1",0.02108,1.21833,"Pre-Drought"
"731","S3P3","C1",0.00288,1.3422,"Pre-Drought"
"732","S3P5","C1",-0.00379,1.31694,"Pre-Drought"
"733","S1P2","C2",0.00978,-0.83419,"Pre-Drought"
"734","S1P4","C2",-0.0278,1.38308,"Pre-Drought"
"735","S1P6","C2",-0.01837,1.45369,"Pre-Drought"
"736","S2P8","C2",0.00506,0.88991,"Pre-Drought"
"737","S2P4","C2",0.00314,1.36419,"Pre-Drought"
"738","S2P6","C2",-0.00516,1.41949,"Pre-Drought"
"739","S3P2","C2",0.00335,1.35771,"Pre-Drought"
"740","S3P4","C2",0.01299,1.33362,"Pre-Drought"
"741","S3P6","C2",0.000717,1.44567,"Pre-Drought"
"742","S1P1","C1",0.01498,1.317,"Pre-Drought"
"743","S1P3","C1",-0.0044,1.37884,"Pre-Drought"
"744","S1P5","C1",0.000688,-0.84869,"Pre-Drought"
"745","S2P1","C1",-0.00922,1.275,"Pre-Drought"
"746","S2P3","C1",0.01347,1.3919,"Pre-Drought"
"747","S2P7","C1",-0.00481,0.90413,"Pre-Drought"
"748","S3P1","C1",-0.00541,1.2611,"Pre-Drought"
"749","S3P3","C1",-0.0021,1.38488,"Pre-Drought"
"750","S3P5","C1",-0.000315,1.35753,"Pre-Drought"
"751","S1P2","C2",0.00314,-0.81991,"Pre-Drought"
"752","S1P4","C2",0.01544,1.41868,"Pre-Drought"
"753","S1P6","C2",-0.00804,1.48934,"Pre-Drought"
"754","S2P8","C2",-0.000771,0.91127,"Pre-Drought"
"755","S2P4","C2",0.000789,1.39985,"Pre-Drought"
"756","S2P6","C2",0.01066,1.45508,"Pre-Drought"
"757","S3P2","C2",-0.0074,1.39333,"Pre-Drought"
"758","S3P4","C2",0.00716,1.36922,"Pre-Drought"
"759","S3P6","C2",-5.45e-05,1.48845,"Pre-Drought"
"760","S1P1","C1",0.00484,1.38292,"Pre-Drought"
"761","S1P3","C1",-0.00535,1.41443,"Pre-Drought"
"762","S1P5","C1",-0.00239,-0.8344,"Pre-Drought"
"763","S2P1","C1",-0.00709,1.30904,"Pre-Drought"
"764","S2P3","C1",-0.00095,1.43111,"Pre-Drought"
"765","S2P7","C1",-0.00134,0.92551,"Pre-Drought"
"766","S3P1","C1",-0.000545,1.30742,"Pre-Drought"
"767","S3P3","C1",0.0091,1.43122,"Pre-Drought"
"768","S3P5","C1",-0.00976,1.39316,"Pre-Drought"
"769","S1P2","C2",-0.01264,-0.80208,"Pre-Drought"
"770","S1P4","C2",-0.00728,1.4578,"Pre-Drought"
"771","S1P6","C2",-0.00692,1.52854,"Pre-Drought"
"772","S2P8","C2",0.01693,0.93264,"Pre-Drought"
"773","S2P4","C2",0.00895,1.43906,"Pre-Drought"
"774","S2P6","C2",-0.00768,1.49424,"Pre-Drought"
"775","S3P2","C2",0.003,1.43242,"Pre-Drought"
"776","S3P4","C2",-0.00217,1.42009,"Pre-Drought"
"777","S1P1","C1",-0.000813,1.4185,"Pre-Drought"
"778","S1P3","C1",-0.00511,1.45353,"Pre-Drought"
"779","S1P5","C1",-0.00489,-0.8201,"Pre-Drought"
"780","S2P1","C1",-0.00389,1.36402,"Pre-Drought"
"781","S2P3","C1",-0.01056,1.46671,"Pre-Drought"
"782","S2P7","C1",-0.00549,0.94686,"Pre-Drought"
"783","S3P1","C1",0.00258,1.33347,"Pre-Drought"
"784","S3P3","C1",-0.00809,1.47396,"Pre-Drought"
"785","S3P5","C1",0.00203,1.43225,"Pre-Drought"
"786","S1P2","C2",-0.000841,-0.78781,"Pre-Drought"
"787","S1P4","C2",-0.00456,1.49343,"Pre-Drought"
"788","S2P8","C2",0.00696,0.95399,"Pre-Drought"
"789","S2P4","C2",0.00352,1.47472,"Pre-Drought"
"790","S3P2","C2",0.00114,1.468,"Pre-Drought"
"791","S3P4","C2",0.01247,1.45569,"Pre-Drought"
"792","S1P1","C1",-0.000827,1.4576,"Pre-Drought"
"793","S1P3","C1",0.01888,1.48914,"Pre-Drought"
"794","S1P5","C1",-0.08853,-0.80229,"Pre-Drought"
"795","S2P1","C1",0.01146,1.39968,"Pre-Drought"
"796","S2P3","C1",-0.00919,1.50587,"Pre-Drought"
"797","S2P7","C1",-0.01064,0.97179,"Pre-Drought"
"798","S3P1","C1",-0.00955,1.36906,"Pre-Drought"
"799","S3P3","C1",4.12e-05,1.52027,"Pre-Drought"
"800","S3P5","C1",-0.00403,1.46782,"Pre-Drought"
"801","S1P2","C2",-0.01808,-0.77356,"Pre-Drought"
"802","S1P4","C2",-0.01843,1.53264,"Pre-Drought"
"803","S2P8","C2",0.01225,0.97892,"Pre-Drought"
"804","S2P4","C2",0.00401,1.5139,"Pre-Drought"
"805","S3P2","C2",0.000329,1.50716,"Pre-Drought"
"806","S3P4","C2",0.00204,1.50694,"Pre-Drought"
"807","S1P1","C1",2e-04,1.49323,"Pre-Drought"
"808","S1P3","C1",-0.000514,1.52836,"Pre-Drought"
"809","S1P5","C1",-0.00358,-0.78801,"Pre-Drought"
"810","S2P1","C1",2.21e-07,1.43889,"Pre-Drought"
"811","S2P3","C1",-0.00157,1.54148,"Pre-Drought"
"812","S2P7","C1",0.01195,0.99315,"Pre-Drought"
"813","S3P1","C1",-0.00892,1.41993,"Pre-Drought"
"814","S3P5","C1",-0.00696,1.50699,"Pre-Drought"
"815","S1P2","C2",-0.00746,-0.75931,"Pre-Drought"
"816","S2P8","C2",0.00587,1.00028,"Pre-Drought"
"817","S1P1","C1",5.23e-05,1.53244,"Pre-Drought"
"818","S1P5","C1",-0.00807,-0.77376,"Pre-Drought"
"819","S2P1","C1",0.00639,1.47455,"Pre-Drought"
"820","S2P7","C1",0.000856,1.01453,"Pre-Drought"
"821","S3P1","C1",0.000558,1.45553,"Pre-Drought"
"822","S3P5","C1",0.00153,1.54264,"Pre-Drought"
"823","S1P2","C2",0.00496,-0.74502,"Pre-Drought"
"824","S2P8","C2",-0.00537,1.02166,"Pre-Drought"
"825","S3P6","C2",0.0096,1.71267,"Pre-Drought"
"826","S1P5","C1",0.00392,-0.75949,"Pre-Drought"
"827","S2P1","C1",-0.0053,1.51373,"Pre-Drought"
"828","S2P7","C1",0.00342,1.03588,"Pre-Drought"
"829","S3P1","C1",0.01285,1.50678,"Pre-Drought"
"830","S1P2","C2",-0.01448,-0.73075,"Pre-Drought"
"831","S1P6","C2",-0.015,1.71366,"Pre-Drought"
"832","S2P8","C2",-0.000475,1.04301,"Pre-Drought"
"833","S3P6","C2",-0.01296,1.75541,"Pre-Drought"
"834","S1P5","C1",0.0128,-0.74522,"Pre-Drought"
"835","S2P7","C1",0.00562,1.06082,"Pre-Drought"
"836","S3P1","C1",-0.00719,1.54238,"Pre-Drought"
"837","S3P3","C1",-0.00707,1.69822,"Pre-Drought"
"838","S1P2","C2",-0.00774,-0.71293,"Pre-Drought"
"839","S1P6","C2",-0.00867,1.75278,"Pre-Drought"
"840","S2P8","C2",0.01226,1.06796,"Pre-Drought"
"841","S2P6","C2",0.00366,1.71858,"Pre-Drought"
"842","S3P6","C2",0.0027,1.80166,"Pre-Drought"
"843","S1P5","C1",-0.00438,-0.73095,"Pre-Drought"
"844","S2P7","C1",-0.00157,1.08219,"Pre-Drought"
"845","S3P3","C1",-0.00431,1.74096,"Pre-Drought"
"846","S1P2","C2",9.86e-05,-0.69867,"Pre-Drought"
"847","S1P4","C2",0.00557,1.71804,"Pre-Drought"
"848","S1P6","C2",0.00401,1.7884,"Pre-Drought"
"849","S2P8","C2",0.02192,1.08932,"Pre-Drought"
"850","S2P6","C2",-0.000343,1.75419,"Pre-Drought"
"851","S3P4","C2",-0.000756,1.71619,"Pre-Drought"
"852","S3P6","C2",-0.00281,1.84438,"Pre-Drought"
"853","S1P3","C1",0.01322,1.71348,"Pre-Drought"
"854","S1P5","C1",0.08283,-0.71312,"Pre-Drought"
"855","S2P3","C1",-0.01505,1.7302,"Pre-Drought"
"856","S2P7","C1",0.00108,1.10358,"Pre-Drought"
"857","S3P3","C1",-4.9e-05,1.78721,"Pre-Drought"
"858","S1P2","C2",0.0023,-0.68439,"Pre-Drought"
"859","S1P4","C2",0.01663,1.75726,"Pre-Drought"
"860","S1P6","C2",0.00681,1.82757,"Pre-Drought"
"861","S2P8","C2",-0.01067,1.11071,"Pre-Drought"
"862","S2P4","C2",-0.0056,1.73838,"Pre-Drought"
"863","S2P6","C2",-1.7e-05,1.79334,"Pre-Drought"
"864","S3P2","C2",0.01172,1.73159,"Pre-Drought"
"865","S3P4","C2",-0.000837,1.76736,"Pre-Drought"
"866","S3P6","C2",0.00285,1.89063,"Pre-Drought"
"867","S1P1","C1",0.01542,1.71785,"Pre-Drought"
"868","S1P3","C1",0.000446,1.75262,"Pre-Drought"
"869","S1P5","C1",0.01559,-0.69888,"Pre-Drought"
"870","S2P3","C1",-0.00816,1.76581,"Pre-Drought"
"871","S2P7","C1",0.014,1.12493,"Pre-Drought"
"872","S3P3","C1",-0.00884,1.82994,"Pre-Drought"
"873","S3P5","C1",-0.000665,1.73138,"Pre-Drought"
"874","S1P2","C2",-0.00934,-0.6701,"Pre-Drought"
"875","S1P4","C2",0.00494,1.79291,"Pre-Drought"
"876","S1P6","C2",-0.000397,1.86315,"Pre-Drought"
"877","S2P8","C2",-0.01859,1.13206,"Pre-Drought"
"878","S2P4","C2",-0.00527,1.77404,"Pre-Drought"
"879","S2P6","C2",0.01229,1.82895,"Pre-Drought"
"880","S3P2","C2",0.00408,1.76723,"Pre-Drought"
"881","S3P4","C2",0.00704,1.80319,"Pre-Drought"
"882","S3P6","C2",-0.0027,1.93334,"Pre-Drought"
"883","S1P1","C1",0.00516,1.75706,"Pre-Drought"
"884","S1P3","C1",0.00449,1.78823,"Pre-Drought"
"885","S1P5","C1",-0.0074,-0.68461,"Pre-Drought"
"886","S2P3","C1",-0.01253,1.80497,"Pre-Drought"
"887","S2P7","C1",0.00146,1.14985,"Pre-Drought"
"888","S3P1","C1",0.000537,1.71602,"Pre-Drought"
"889","S3P3","C1",0.01447,1.87617,"Pre-Drought"
"890","S3P5","C1",-0.00866,1.76704,"Pre-Drought"
"891","S1P2","C2",-0.00173,-0.65588,"Pre-Drought"
"892","S1P4","C2",-0.01059,1.83211,"Pre-Drought"
"893","S1P6","C2",0.00614,1.90225,"Pre-Drought"
"894","S2P8","C2",-0.00999,1.15698,"Pre-Drought"
"895","S2P4","C2",0.00296,1.81322,"Pre-Drought"
"896","S2P6","C2",0.00992,1.86811,"Pre-Drought"
"897","S3P2","C2",0.00251,1.80638,"Pre-Drought"
"898","S3P4","C2",0.00154,1.85612,"Pre-Drought"
"899","S3P6","C2",0.01232,1.97963,"Pre-Drought"
"900","S1P1","C1",0.01448,1.79271,"Pre-Drought"
"901","S1P3","C1",0.00175,1.8274,"Pre-Drought"
"902","S1P5","C1",-0.01045,-0.6703,"Pre-Drought"
"903","S2P1","C1",0.00431,1.73821,"Pre-Drought"
"904","S2P3","C1",-0.00655,1.84057,"Pre-Drought"
"905","S2P7","C1",-0.00897,1.1691,"Pre-Drought"
"906","S3P1","C1",-0.00362,1.7672,"Pre-Drought"
"907","S3P3","C1",0.00883,1.9189,"Pre-Drought"
"908","S3P5","C1",0.00266,1.80619,"Pre-Drought"
"909","S1P2","C2",-0.00695,-0.64166,"Pre-Drought"
"910","S1P4","C2",-0.00185,1.86778,"Pre-Drought"
"911","S1P6","C2",-0.00753,1.93792,"Pre-Drought"
"912","S2P8","C2",0.00611,1.17623,"Pre-Drought"
"913","S2P4","C2",-0.00523,1.84884,"Pre-Drought"
"914","S2P6","C2",0.00203,1.90374,"Pre-Drought"
"915","S3P2","C2",0.00436,1.84204,"Pre-Drought"
"916","S3P4","C2",-0.00128,1.89184,"Pre-Drought"
"917","S3P6","C2",0.00112,2.02236,"Pre-Drought"
"918","S1P1","C1",0.01079,1.83191,"Pre-Drought"
"919","S1P3","C1",0.00824,1.863,"Pre-Drought"
"920","S1P5","C1",0.00319,-0.65606,"Pre-Drought"
"921","S2P1","C1",0.00276,1.77385,"Pre-Drought"
"922","S2P3","C1",-0.000259,1.87972,"Pre-Drought"
"923","S2P7","C1",-0.00158,1.19045,"Pre-Drought"
"924","S3P1","C1",0.000241,1.80303,"Pre-Drought"
"925","S3P3","C1",0.0122,1.96519,"Pre-Drought"
"926","S3P5","C1",0.0073,1.84185,"Pre-Drought"
"927","S1P2","C2",0.00706,-0.62392,"Pre-Drought"
"928","S1P4","C2",-0.000839,1.90696,"Pre-Drought"
"929","S2P8","C2",-0.00774,1.19758,"Pre-Drought"
"930","S2P4","C2",0.00166,1.88801,"Pre-Drought"
"931","S2P6","C2",0.00118,1.94289,"Pre-Drought"
"932","S3P2","C2",0.00258,1.88122,"Pre-Drought"
"933","S3P4","C2",-0.00263,1.94097,"Pre-Drought"
"934","S3P6","C2",0.01497,2.06867,"Pre-Drought"
"935","S1P1","C1",0.00788,1.86758,"Pre-Drought"
"936","S1P3","C1",-0.00176,1.90208,"Pre-Drought"
"937","S1P5","C1",0.00307,-0.64183,"Pre-Drought"
"938","S2P1","C1",0.00276,1.81303,"Pre-Drought"
"939","S2P3","C1",0.000653,1.91535,"Pre-Drought"
"940","S2P7","C1",-0.00252,1.21184,"Pre-Drought"
"941","S3P1","C1",0.0029,1.85595,"Pre-Drought"
"942","S3P3","C1",-0.00581,2.00792,"Pre-Drought"
"943","S3P5","C1",0.00423,1.88102,"Pre-Drought"
"944","S1P2","C2",0.00559,-0.60971,"Pre-Drought"
"945","S1P4","C2",-0.00482,1.9426,"Pre-Drought"
"946","S2P8","C2",-0.000723,1.21897,"Pre-Drought"
"947","S2P4","C2",0.01285,1.92365,"Pre-Drought"
"948","S3P2","C2",0.00218,1.9169,"Pre-Drought"
"949","S3P6","C2",-0.00244,2.11141,"Pre-Drought"
"950","S1P1","C1",0.000789,1.90677,"Pre-Drought"
"951","S1P3","C1",-0.00583,1.93772,"Pre-Drought"
"952","S1P5","C1",-0.00692,-0.62409,"Pre-Drought"
"953","S2P1","C1",-0.01922,1.84867,"Pre-Drought"
"954","S2P3","C1",-0.00165,1.95451,"Pre-Drought"
"955","S2P7","C1",-0.00726,1.23319,"Pre-Drought"
"956","S3P1","C1",-0.00482,1.89168,"Pre-Drought"
"957","S3P3","C1",-0.0017,2.05422,"Pre-Drought"
"958","S3P5","C1",-0.00185,1.91668,"Pre-Drought"
"959","S1P2","C2",0.00365,-0.5955,"Pre-Drought"
"960","S2P8","C2",0.00272,1.24032,"Pre-Drought"
"961","S2P4","C2",-0.00267,1.96277,"Pre-Drought"
"962","S3P2","C2",0.00116,1.95606,"Pre-Drought"
"963","S3P6","C2",-0.00172,2.17693,"Pre-Drought"
"964","S1P1","C1",0.01034,1.94243,"Pre-Drought"
"965","S1P3","C1",0.00769,1.97691,"Pre-Drought"
"966","S1P5","C1",-0.000489,-0.60988,"Pre-Drought"
"967","S2P1","C1",0.00257,1.88784,"Pre-Drought"
"968","S2P7","C1",-0.00271,1.2581,"Pre-Drought"
"969","S3P1","C1",0.00126,1.94081,"Pre-Drought"
"970","S3P3","C1",0.01048,2.09697,"Pre-Drought"
"971","S3P5","C1",0.00447,1.95587,"Pre-Drought"
"972","S1P2","C2",0.00129,-0.58131,"Pre-Drought"
"973","S2P8","C2",-0.01045,1.26524,"Pre-Drought"
"974","S3P6","C2",0.01281,2.21968,"Pre-Drought"
"975","S1P3","C1",0.00861,4.0574,"Pre-Drought"
"976","S1P5","C1",-0.00345,-0.59567,"Pre-Drought"
"977","S2P1","C1",-0.00316,1.92347,"Pre-Drought"
"978","S2P7","C1",0.002,1.27944,"Pre-Drought"
"979","S3P1","C1",-0.00723,1.97646,"Pre-Drought"
"980","S3P3","C1",-0.00516,2.16249,"Pre-Drought"
"981","S1P2","C2",-0.002,-0.56709,"Pre-Drought"
"982","S2P8","C2",0.01021,1.28657,"Pre-Drought"
"983","S3P6","C2",-0.00387,2.26593,"Pre-Drought"
"984","S1P3","C1",0.00612,4.07171,"Pre-Drought"
"985","S1P5","C1",0.00299,-0.58146,"Pre-Drought"
"986","S2P1","C1",-0.01437,1.96259,"Pre-Drought"
"987","S2P7","C1",0.01498,1.30082,"Pre-Drought"
"988","S3P3","C1",-0.00737,2.20523,"Pre-Drought"
"989","S1P2","C2",0.00105,-0.55289,"Pre-Drought"
"990","S2P8","C2",0.00523,1.30795,"Pre-Drought"
"991","S3P6","C2",0.00903,2.30863,"Pre-Drought"
"992","S1P3","C1",9.92e-05,4.08598,"Pre-Drought"
"993","S1P5","C1",0.00181,-0.56726,"Pre-Drought"
"994","S2P1","C1",-0.01381,9.36006,"Pre-Drought"
"995","S2P7","C1",-0.00752,1.32218,"Pre-Drought"
"996","S3P3","C1",0.02158,2.2515,"Pre-Drought"
"997","S1P2","C2",0.00561,-0.53514,"Pre-Drought"
"998","S2P8","C2",0.00229,1.32928,"Pre-Drought"
"999","S3P6","C2",0.00458,2.35485,"Pre-Drought"
"1000","S1P3","C1",0.000245,4.10027,"Pre-Drought"
"1001","S1P5","C1",-0.000229,-0.55306,"Pre-Drought"
"1002","S2P1","C1",0.00939,9.45264,"Pre-Drought"
"1003","S2P7","C1",-0.00393,1.34705,"Pre-Drought"
"1004","S3P3","C1",-0.000423,2.29421,"Pre-Drought"
"1005","S1P2","C2",0.00131,-0.52093,"Pre-Drought"
"1006","S2P8","C2",-0.000399,1.35416,"Pre-Drought"
"1007","S3P6","C2",-0.000229,2.39752,"Pre-Drought"
"1008","S1P3","C1",-0.00446,4.11455,"Pre-Drought"
"1009","S1P5","C1",-0.00743,-0.53531,"Pre-Drought"
"1010","S2P7","C1",0.01186,1.36839,"Pre-Drought"
"1011","S3P3","C1",0.00429,2.34043,"Pre-Drought"
"1012","S1P2","C2",0.00458,-0.50672,"Pre-Drought"
"1013","S2P8","C2",-0.00955,1.3755,"Pre-Drought"
"1014","S3P6","C2",0.00151,2.4438,"Pre-Drought"
"1015","S1P3","C1",0.01128,4.12883,"Pre-Drought"
"1016","S1P5","C1",0.01839,-0.52109,"Pre-Drought"
"1017","S2P7","C1",-0.000977,1.38975,"Pre-Drought"
"1018","S3P3","C1",-0.00658,2.38311,"Pre-Drought"
"1019","S1P2","C2",-0.0037,-0.49245,"Pre-Drought"
"1020","S2P8","C2",0.000412,1.39685,"Pre-Drought"
"1021","S3P6","C2",-0.00169,2.48657,"Pre-Drought"
"1022","S1P3","C1",0.00905,4.14313,"Pre-Drought"
"1023","S1P5","C1",0.01204,-0.50689,"Pre-Drought"
"1024","S2P1","C1",-0.00192,9.73039,"Pre-Drought"
"1025","S2P7","C1",-0.0087,1.41106,"Pre-Drought"
"1026","S3P3","C1",-0.00591,2.42932,"Pre-Drought"
"1027","S1P2","C2",0.0032,-0.47819,"Pre-Drought"
"1028","S2P8","C2",-0.0032,1.41817,"Pre-Drought"
"1029","S1P3","C1",-0.00674,4.15745,"Pre-Drought"
"1030","S1P5","C1",0.00302,-0.49266,"Pre-Drought"
"1031","S2P1","C1",0.00236,9.82293,"Pre-Drought"
"1032","S2P7","C1",0.00261,1.43595,"Pre-Drought"
"1033","S3P3","C1",0.00281,2.47209,"Pre-Drought"
"1034","S1P2","C2",0.01036,-0.46398,"Pre-Drought"
"1035","S2P8","C2",0.000711,1.44306,"Pre-Drought"
"1036","S1P3","C1",0.00982,4.17178,"Pre-Drought"
"1037","S1P5","C1",0.000302,-0.47837,"Pre-Drought"
"1038","S2P1","C1",-0.01232,9.9155,"Pre-Drought"
"1039","S2P7","C1",-0.000472,1.45728,"Pre-Drought"
"1040","S3P3","C1",-0.00147,2.51843,"Pre-Drought"
"1041","S2P8","C2",-0.00482,1.46441,"Pre-Drought"
"1042","S1P5","C1",0.00295,-0.46416,"Pre-Drought"
"1043","S2P1","C1",-0.00337,10.05635,"Pre-Drought"
"1044","S2P7","C1",0.00135,1.4787,"Pre-Drought"
"1045","S2P8","C2",0.00744,1.48583,"Pre-Drought"
"1046","S2P1","C1",0.000687,10.15161,"Pre-Drought"
"1047","S2P7","C1",-0.0013,1.50006,"Pre-Drought"
"1048","S2P8","C2",-0.00383,1.50719,"Pre-Drought"
"1049","S3P6","C2",0.00532,2.71088,"Pre-Drought"
"1050","S2P1","C1",0.00278,10.24424,"Pre-Drought"
"1051","S2P7","C1",-0.00252,1.525,"Pre-Drought"
"1052","S2P8","C2",0.01471,1.53213,"Pre-Drought"
"1053","S3P6","C2",0.00572,2.75362,"Pre-Drought"
"1054","S2P1","C1",-0.00144,10.33694,"Pre-Drought"
"1055","S3P3","C1",0.0178,2.69646,"Pre-Drought"
"1056","S3P6","C2",0.00429,2.79988,"Pre-Drought"
"1057","S2P1","C1",-0.00554,10.42949,"Pre-Drought"
"1058","S3P3","C1",0.00363,2.73918,"Pre-Drought"
"1059","S3P6","C2",-0.01672,2.84262,"Pre-Drought"
"1060","S2P1","C1",-0.00543,10.52207,"Pre-Drought"
"1061","S3P3","C1",0.00835,2.78544,"Pre-Drought"
"1062","S3P6","C2",-0.01248,2.88892,"Pre-Drought"
"1063","S2P1","C1",0.0061,10.61469,"Pre-Drought"
"1064","S3P3","C1",0.000112,2.82817,"Pre-Drought"
"1065","S3P6","C2",-0.00115,2.93168,"Pre-Drought"
"1066","S2P1","C1",-0.00735,10.70714,"Pre-Drought"
"1067","S3P3","C1",0.000487,2.87447,"Pre-Drought"
"1068","S3P6","C2",0.00291,2.97787,"Pre-Drought"
"1069","S2P1","C1",-0.01681,10.79971,"Pre-Drought"
"1070","S3P3","C1",0.00784,2.91723,"Pre-Drought"
"1071","S2P1","C1",0.01126,10.89231,"Pre-Drought"
"1072","S3P3","C1",-0.00446,2.96352,"Pre-Drought"
"1073","S2P1","C1",0.00337,10.98493,"Pre-Drought"
"1074","S1P2","C2",0.00182,-0.28588,"Pre-Drought"
"1075","S2P1","C1",-0.00356,11.07749,"Pre-Drought"
"1076","S2P7","C1",-0.00729,1.7244,"Pre-Drought"
"1077","S1P2","C2",0.00167,-0.2681,"Pre-Drought"
"1078","S2P8","C2",0.01336,1.73153,"Pre-Drought"
"1079","S1P5","C1",0.00799,-0.28608,"Pre-Drought"
"1080","S2P1","C1",-0.0085,11.17012,"Pre-Drought"
"1081","S2P7","C1",0.00328,1.74578,"Pre-Drought"
"1082","S1P2","C2",0.00278,-0.25382,"Pre-Drought"
"1083","S2P8","C2",0.00443,1.75291,"Pre-Drought"
"1084","S1P5","C1",-0.01029,-0.26829,"Pre-Drought"
"1085","S2P1","C1",-0.00915,11.26273,"Pre-Drought"
"1086","S2P7","C1",-0.00906,1.76714,"Pre-Drought"
"1087","S1P2","C2",-0.01034,-0.23958,"Pre-Drought"
"1088","S2P8","C2",-0.01049,1.77427,"Pre-Drought"
"1089","S1P5","C1",-0.00503,-0.25402,"Pre-Drought"
"1090","S2P1","C1",0.00748,11.37456,"Pre-Drought"
"1091","S2P7","C1",-0.003,1.79205,"Pre-Drought"
"1092","S1P2","C2",0.00382,-0.22535,"Pre-Drought"
"1093","S2P8","C2",-0.00162,1.79918,"Pre-Drought"
"1094","S1P5","C1",-0.01029,-0.23978,"Pre-Drought"
"1095","S2P1","C1",0.02277,11.46711,"Pre-Drought"
"1096","S2P7","C1",-0.000632,1.8134,"Pre-Drought"
"1097","S1P2","C2",0.00647,-0.21111,"Pre-Drought"
"1098","S2P8","C2",0.01301,1.82053,"Pre-Drought"
"1099","S1P5","C1",-0.000891,-0.22554,"Pre-Drought"
"1100","S2P1","C1",0.000531,11.55962,"Pre-Drought"
"1101","S2P7","C1",0.00617,1.83478,"Pre-Drought"
"1102","S1P2","C2",-0.00721,-0.19688,"Pre-Drought"
"1103","S2P8","C2",0.00365,1.84191,"Pre-Drought"
"1104","S1P5","C1",-0.00722,-0.21131,"Pre-Drought"
"1105","S2P1","C1",-0.00215,11.65223,"Pre-Drought"
"1106","S2P7","C1",-0.00252,1.85613,"Pre-Drought"
"1107","S1P2","C2",-0.00128,-0.17911,"Pre-Drought"
"1108","S2P8","C2",0.000351,1.86326,"Pre-Drought"
"1109","S1P5","C1",-0.02069,-0.19707,"Pre-Drought"
"1110","S2P1","C1",0.00423,11.7448,"Pre-Drought"
"1111","S2P7","C1",-0.01246,1.88108,"Pre-Drought"
"1112","S1P2","C2",0.0028,-0.16487,"Pre-Drought"
"1113","S2P8","C2",0.01864,1.88821,"Pre-Drought"
"1114","S1P5","C1",0.00726,-0.17931,"Pre-Drought"
"1115","S2P1","C1",0.00499,11.8373,"Pre-Drought"
"1116","S2P7","C1",0.00402,1.90244,"Pre-Drought"
"1117","S1P2","C2",-0.00923,-0.15064,"Pre-Drought"
"1118","S2P8","C2",-0.00602,1.90957,"Pre-Drought"
"1119","S1P5","C1",0.000914,-0.16507,"Pre-Drought"
"1120","S2P1","C1",-0.00588,11.92984,"Pre-Drought"
"1121","S2P7","C1",0.00598,1.92383,"Pre-Drought"
"1122","S1P2","C2",-0.00435,-0.1364,"Pre-Drought"
"1123","S2P8","C2",0.01007,1.93097,"Pre-Drought"
"1124","S1P5","C1",0.00289,-0.15083,"Pre-Drought"
"1125","S2P1","C1",-0.00434,12.02241,"Pre-Drought"
"1126","S2P7","C1",0.00374,1.9452,"Pre-Drought"
"1127","S1P2","C2",0.00415,-0.12216,"Pre-Drought"
"1128","S2P8","C2",0.00382,1.95233,"Pre-Drought"
"1129","S1P5","C1",0.00215,-0.1366,"Pre-Drought"
"1130","S2P1","C1",-0.01412,12.11506,"Pre-Drought"
"1131","S2P7","C1",-0.00424,1.97013,"Pre-Drought"
"1132","S1P2","C2",-0.01102,-0.10792,"Pre-Drought"
"1133","S2P8","C2",0.00659,1.97726,"Pre-Drought"
"1134","S1P5","C1",-0.000129,-0.12236,"Pre-Drought"
"1135","S2P1","C1",0.04736,12.20766,"Pre-Drought"
"1136","S2P7","C1",0.00293,1.99148,"Pre-Drought"
"1137","S1P2","C2",-0.00343,-0.09015,"Pre-Drought"
"1138","S2P8","C2",0.00583,1.99862,"Pre-Drought"
"1139","S1P5","C1",0.00808,-0.10811,"Pre-Drought"
"1140","S2P1","C1",-0.00108,12.30024,"Pre-Drought"
"1141","S2P7","C1",-0.00159,2.01278,"Pre-Drought"
"1142","S1P2","C2",-0.01078,-0.07589,"Pre-Drought"
"1143","S1P5","C1",0.00717,-0.09035,"Pre-Drought"
"1144","S2P1","C1",0.00198,12.99633,"Pre-Drought"
"1145","S1P2","C2",-0.000783,-0.06161,"Pre-Drought"
"1146","S1P5","C1",0.00775,-0.07609,"Pre-Drought"
"1147","S2P1","C1",-0.00487,13.08892,"Pre-Drought"
"1148","S1P2","C2",0.00486,-0.04735,"Pre-Drought"
"1149","S1P5","C1",-0.01296,-0.06181,"Pre-Drought"
"1150","S2P1","C1",0.01387,13.18146,"Pre-Drought"
"1151","S1P2","C2",0.00575,-0.03307,"Pre-Drought"
"1152","S1P5","C1",-0.00171,-0.04753,"Pre-Drought"
"1153","S2P1","C1",0.00364,13.274,"Pre-Drought"
"1154","S1P2","C2",-0.00427,-0.01878,"Pre-Drought"
"1155","S1P5","C1",-0.00982,-0.03326,"Pre-Drought"
"1156","S2P1","C1",0.00838,13.3665,"Pre-Drought"
"1157","S1P2","C2",0.00517,-0.000972,"Pre-Drought"
"1158","S1P5","C1",0.01729,-0.01898,"Pre-Drought"
"1159","S2P1","C1",0.00775,13.45898,"Pre-Drought"
"1160","S1P2","C2",0.000858,0.01329,"Pre-Drought"
"1161","S1P5","C1",-0.0106,-0.00117,"Pre-Drought"
"1162","S2P1","C1",0.01458,13.55154,"Pre-Drought"
"1163","S1P2","C2",0.01116,0.02757,"Pre-Drought"
"1164","S1P5","C1",-0.00347,0.01309,"Pre-Drought"
"1165","S2P1","C1",0.02504,13.64404,"Pre-Drought"
"1166","S1P2","C2",0.00479,0.04183,"Pre-Drought"
"1167","S1P5","C1",0.00189,0.02737,"Pre-Drought"
"1168","S2P1","C1",0.000687,13.73664,"Pre-Drought"
"1169","S1P2","C2",-0.01166,0.05609,"Pre-Drought"
"1170","S1P5","C1",-0.00835,0.04164,"Pre-Drought"
"1171","S2P1","C1",0.01864,13.82926,"Pre-Drought"
"1172","S1P2","C2",-0.00913,0.07037,"Pre-Drought"
"1173","S1P5","C1",0.00261,0.0559,"Pre-Drought"
"1174","S2P1","C1",0.00191,13.92183,"Pre-Drought"
"1175","S1P2","C2",0.00805,0.08818,"Pre-Drought"
"1176","S1P5","C1",0.00303,0.07017,"Pre-Drought"
"1177","S2P1","C1",0.00284,14.01441,"Pre-Drought"
"1178","S1P2","C2",-0.0077,0.10241,"Pre-Drought"
"1179","S1P5","C1",0.00301,0.08799,"Pre-Drought"
"1180","S2P1","C1",-0.01013,14.10698,"Pre-Drought"
"1181","S1P2","C2",0.00203,0.11668,"Pre-Drought"
"1182","S1P5","C1",0.01352,0.10222,"Pre-Drought"
"1183","S2P1","C1",0.01684,14.19951,"Pre-Drought"
"1184","S1P2","C2",-0.0024,0.13095,"Pre-Drought"
"1185","S1P5","C1",-0.02019,0.11649,"Pre-Drought"
"1186","S2P1","C1",0.00611,14.29204,"Pre-Drought"
"1187","S1P2","C2",0.01153,0.14522,"Pre-Drought"
"1188","S1P5","C1",-0.01709,0.13076,"Pre-Drought"
"1189","S2P1","C1",-0.00249,14.38451,"Pre-Drought"
"1190","S1P2","C2",0.00829,0.15949,"Pre-Drought"
"1191","S1P5","C1",-0.000726,0.14503,"Pre-Drought"
"1192","S2P1","C1",-0.00142,14.47713,"Pre-Drought"
"1193","S1P2","C2",0.00104,0.17731,"Pre-Drought"
"1194","S1P5","C1",-0.02772,0.15931,"Pre-Drought"
"1195","S2P1","C1",0.0106,14.56968,"Pre-Drought"
"1196","S1P2","C2",-0.000631,0.1916,"Pre-Drought"
"1197","S1P5","C1",-0.00497,0.17713,"Pre-Drought"
"1198","S2P1","C1",-0.0014,14.66223,"Pre-Drought"
"1199","S1P2","C2",0.01246,0.20587,"Pre-Drought"
"1200","S1P5","C1",-0.00763,0.1914,"Pre-Drought"
"1201","S2P1","C1",0.01069,14.75469,"Pre-Drought"
"1202","S1P2","C2",0.00652,0.22014,"Pre-Drought"
"1203","S1P5","C1",0.0045,0.20568,"Pre-Drought"
"1204","S2P1","C1",-0.00346,14.84712,"Pre-Drought"
"1205","S1P2","C2",-0.00354,0.23441,"Pre-Drought"
"1206","S1P5","C1",0.000889,0.21995,"Pre-Drought"
"1207","S2P1","C1",-0.01481,14.93965,"Pre-Drought"
"1208","S1P2","C2",-0.00371,0.24868,"Pre-Drought"
"1209","S1P5","C1",0.000762,0.23422,"Pre-Drought"
"1210","S2P1","C1",0.00959,15.0322,"Pre-Drought"
"1211","S1P2","C2",0.00278,0.26648,"Pre-Drought"
"1212","S1P5","C1",0.00646,0.2485,"Pre-Drought"
"1213","S2P1","C1",-0.00168,15.12479,"Pre-Drought"
"1214","S1P2","C2",0.00123,0.28075,"Pre-Drought"
"1215","S1P5","C1",0.01374,0.2663,"Pre-Drought"
"1216","S2P1","C1",-0.0065,15.21609,"Pre-Drought"
"1217","S1P2","C2",0.00882,0.29502,"Pre-Drought"
"1218","S1P5","C1",0.00428,0.28057,"Pre-Drought"
"1219","S2P1","C1",0.00464,15.30869,"Pre-Drought"
"1220","S1P2","C2",0.0064,0.30929,"Pre-Drought"
"1221","S1P5","C1",0.00456,0.29484,"Pre-Drought"
"1222","S2P1","C1",-0.0148,15.40131,"Pre-Drought"
"1223","S1P2","C2",0.00595,0.33177,"Pre-Drought"
"1224","S1P5","C1",-0.0124,0.30911,"Pre-Drought"
"1225","S2P1","C1",0.00191,15.49392,"Pre-Drought"
"1226","S1P2","C2",0.00542,0.34604,"Pre-Drought"
"1227","S1P5","C1",0.00652,0.3316,"Pre-Drought"
"1228","S2P1","C1",0.00331,15.58652,"Pre-Drought"
"1229","S1P2","C2",0.01109,0.36731,"Pre-Drought"
"1230","S1P5","C1",-0.01575,0.34586,"Pre-Drought"
"1231","S2P1","C1",-0.0117,15.67896,"Pre-Drought"
"1232","S1P2","C2",0.01436,0.38157,"Pre-Drought"
"1233","S1P5","C1",0.0032,0.36713,"Pre-Drought"
"1234","S2P1","C1",-0.000812,15.7716,"Pre-Drought"
"1235","S1P2","C2",0.01228,0.40652,"Pre-Drought"
"1236","S1P5","C1",0.00345,0.38139,"Pre-Drought"
"1237","S1P2","C2",0.00647,0.42076,"Pre-Drought"
"1238","S1P5","C1",0.00145,0.40633,"Pre-Drought"
"1239","S2P1","C1",0.00214,15.95685,"Pre-Drought"
"1240","S1P2","C2",0.01253,0.44205,"Pre-Drought"
"1241","S1P5","C1",-0.00987,0.42058,"Pre-Drought"
"1242","S2P1","C1",0.00113,16.02764,"Pre-Drought"
"1243","S1P2","C2",0.00944,0.45628,"Pre-Drought"
"1244","S1P5","C1",-0.00455,0.44188,"Pre-Drought"
"1245","S2P1","C1",-0.00256,16.1203,"Pre-Drought"
"1246","S1P2","C2",0.02148,0.48117,"Pre-Drought"
"1247","S1P5","C1",-0.02076,0.45611,"Pre-Drought"
"1248","S2P1","C1",-0.0028,16.21288,"Pre-Drought"
"1249","S1P2","C2",0.01679,0.49541,"Pre-Drought"
"1250","S1P5","C1",-0.01193,0.481,"Pre-Drought"
"1251","S2P1","C1",0.000146,16.35304,"Pre-Drought"
"1252","S1P2","C2",-0.000368,0.51667,"Pre-Drought"
"1253","S1P5","C1",0.00955,0.49523,"Pre-Drought"
"1254","S2P1","C1",-0.000295,16.4948,"Pre-Drought"
"1255","S1P2","C2",0.0175,0.53091,"Pre-Drought"
"1256","S1P5","C1",-0.017,0.51648,"Pre-Drought"
"1257","S2P1","C1",-0.00398,16.6366,"Pre-Drought"
"1258","S1P5","C1",0.0047,0.53073,"Pre-Drought"
"1259","S2P1","C1",0.000252,16.77836,"Pre-Drought"
"1260","S2P1","C1",0.000629,16.92005,"Pre-Drought"
"1261","S2P1","C1",0.000612,17.0617,"Pre-Drought"
"1262","S2P1","C1",0.000858,17.20338,"Pre-Drought"
"1263","S2P1","C1",0.000578,17.34508,"Pre-Drought"
"1264","S1P2","C2",0.00796,0.70506,"Pre-Drought"
"1265","S1P2","C2",0.02014,0.71927,"Pre-Drought"
"1266","S1P2","C2",0.01186,0.74059,"Pre-Drought"
"1267","S1P5","C1",-0.00209,0.7191,"Pre-Drought"
"1268","S1P2","C2",0.00551,0.75481,"Pre-Drought"
"1269","S1P5","C1",-0.01357,0.74041,"Pre-Drought"
"1270","S1P2","C2",0.02772,0.77971,"Pre-Drought"
"1271","S1P5","C1",0.01649,0.75464,"Pre-Drought"
"1272","S1P2","C2",0.01688,0.79399,"Pre-Drought"
"1273","S1P5","C1",-0.00233,0.77953,"Pre-Drought"
"1274","S1P2","C2",0.01624,0.81529,"Pre-Drought"
"1275","S1P5","C1",-0.00422,0.7938,"Pre-Drought"
"1276","S1P2","C2",0.03179,0.82955,"Pre-Drought"
"1277","S1P5","C1",-0.00608,0.8151,"Pre-Drought"
"1278","S1P2","C2",0.02451,0.85446,"Pre-Drought"
"1279","S1P5","C1",0.00428,0.82936,"Pre-Drought"
"1280","S1P2","C2",0.01421,0.86872,"Pre-Drought"
"1281","S1P5","C1",0.00489,0.85427,"Pre-Drought"
"1282","S1P2","C2",0.01822,0.89005,"Pre-Drought"
"1283","S1P5","C1",-0.00904,0.86853,"Pre-Drought"
"1284","S1P2","C2",0.02748,0.90431,"Pre-Drought"
"1285","S1P5","C1",-0.01024,0.88986,"Pre-Drought"
"1286","S1P2","C2",0.00485,0.92925,"Pre-Drought"
"1287","S1P5","C1",-0.000252,0.90412,"Pre-Drought"
"1288","S1P2","C2",0.02361,0.94351,"Pre-Drought"
"1289","S1P5","C1",0.00502,0.92906,"Pre-Drought"
"1290","S1P2","C2",0.01833,0.96492,"Pre-Drought"
"1291","S1P5","C1",0.00237,0.94332,"Pre-Drought"
"1292","S1P2","C2",0.03035,0.97919,"Pre-Drought"
"1293","S1P5","C1",0.01112,0.96473,"Pre-Drought"
"1294","S1P2","C2",0.04352,1.04209,"Pre-Drought"
"1295","S1P5","C1",-0.00918,0.979,"Pre-Drought"
"1296","S1P2","C2",0.04317,1.08493,"Pre-Drought"
"1297","S1P5","C1",-0.00267,1.02762,"Pre-Drought"
"1298","S1P2","C2",0.0191,1.13127,"Pre-Drought"
"1299","S1P5","C1",-0.00528,1.07046,"Pre-Drought"
"1300","S1P2","C2",0.01355,1.17411,"Pre-Drought"
"1301","S1P5","C1",0.00218,1.11681,"Pre-Drought"
"1302","S1P2","C2",0.0253,1.22043,"Pre-Drought"
"1303","S1P5","C1",-0.0054,1.15965,"Pre-Drought"
"1304","S1P2","C2",0.02674,1.26324,"Pre-Drought"
"1305","S1P5","C1",-0.01486,1.20601,"Pre-Drought"
"1306","S1P2","C2",0.03852,1.34006,"Pre-Drought"
"1307","S1P5","C1",-0.00616,1.24878,"Pre-Drought"
"1308","S1P2","C2",0.02185,1.37569,"Pre-Drought"
"1309","S1P5","C1",-0.00439,1.29514,"Pre-Drought"
"1310","S1P2","C2",0.03091,1.41486,"Pre-Drought"
"1311","S1P5","C1",-0.00802,1.33987,"Pre-Drought"
"1312","S1P2","C2",0.02504,1.45056,"Pre-Drought"
"1313","S1P5","C1",-0.01186,1.37552,"Pre-Drought"
"1314","S1P2","C2",0.04107,1.48972,"Pre-Drought"
"1315","S1P5","C1",0.00351,1.41468,"Pre-Drought"
"1316","S1P2","C2",0.0258,1.52536,"Pre-Drought"
"1317","S1P5","C1",-0.00364,1.45037,"Pre-Drought"
"1318","S1P5","C1",0.00289,1.48955,"Pre-Drought"
"1319","S1P5","C1",0.01125,1.52517,"Pre-Drought"
"1320","S1P2","C2",0.03682,1.71414,"Pre-Drought"
"1321","S1P2","C2",0.03301,1.74976,"Pre-Drought"
"1322","S1P2","C2",0.00654,1.78892,"Pre-Drought"
"1323","S1P5","C1",0.00733,1.71396,"Pre-Drought"
"1324","S1P2","C2",0.01689,1.82458,"Pre-Drought"
"1325","S1P5","C1",0.01366,1.74957,"Pre-Drought"
"1326","S1P2","C2",0.01274,1.86376,"Pre-Drought"
"1327","S1P5","C1",-0.00612,1.78875,"Pre-Drought"
"1328","S1P2","C2",0.01873,1.89942,"Pre-Drought"
"1329","S1P5","C1",-0.00821,1.8244,"Pre-Drought"
"1330","S1P2","C2",0.00478,1.93867,"Pre-Drought"
"1331","S1P5","C1",-0.00592,1.86359,"Pre-Drought"
"1332","S1P2","C2",0.00912,1.97431,"Pre-Drought"
"1333","S1P5","C1",-0.00397,1.89924,"Pre-Drought"
"1334","S1P5","C1",-0.00397,1.93848,"Pre-Drought"
"1335","S1P5","C1",0.00237,1.93848,"Pre-Drought"
"1336","S1P5","C1",0.00237,1.97413,"Pre-Drought"
"1337","S1P5","C1",-0.01416,1.97413,"Pre-Drought"
