"","Label","Time","Time_Flux"
"1","S1P1.C1","time",-0.62821
"2","S1P1.C1","Flux",-0.00755
"3","S1P3.C1","time",-0.6523
"4","S1P3.C1","Flux",0.00812
"5","S1P5.C1","time",-1.58571
"6","S1P5.C1","Flux",0.02228
"7","S2P1.C1","time",-0.64587
"8","S2P1.C1","Flux",-0.01168
"9","S2P3.C1","time",-0.60287
"10","S2P3.C1","Flux",-0.01883
"11","S2P7.C1","time",-0.60692
"12","S2P7.C1","Flux",-0.01185
"13","S3P1.C1","time",-0.6767
"14","S3P1.C1","Flux",-0.000553
"15","S3P3.C1","time",-0.65035
"16","S3P3.C1","Flux",0.0072
"17","S3P5.C1","time",-0.63999
"18","S3P5.C1","Flux",-0.00145
"19","S1P2.C2","time",-1.58551
"20","S1P2.C2","Flux",0.00828
"21","S1P4.C2","time",-0.59956
"22","S1P4.C2","Flux",-0.000403
"23","S1P6.C2","time",-0.62365
"24","S1P6.C2","Flux",-0.00795
"25","S2P8.C2","time",-0.57134
"26","S2P8.C2","Flux",-0.01017
"27","S2P4.C2","time",-0.61718
"28","S2P4.C2","Flux",0.00742
"29","S2P6.C2","time",-0.58602
"30","S2P6.C2","Flux",0.01338
"31","S3P2.C2","time",-0.6113
"32","S3P2.C2","Flux",-0.00702
"33","S3P4.C2","time",-0.59302
"34","S3P4.C2","Flux",-0.004
"35","S3P6.C2","time",-0.62163
"36","S3P6.C2","Flux",0.00371
"37","S1P1.C1","time",-0.55352
"38","S1P1.C1","Flux",0.00378
"39","S1P3.C1","time",-0.56583
"40","S1P3.C1","Flux",0.00679
"41","S1P5.C1","time",-1.57144
"42","S1P5.C1","Flux",0.0392
"43","S2P1.C1","time",-0.57106
"44","S2P1.C1","Flux",-0.00762
"45","S2P3.C1","time",-0.52815
"46","S2P3.C1","Flux",-0.01465
"47","S2P7.C1","time",-0.53223
"48","S2P7.C1","Flux",-0.00802
"49","S3P1.C1","time",-0.62172
"50","S3P1.C1","Flux",0.00258
"51","S3P3.C1","time",-0.5755
"52","S3P3.C1","Flux",0.00101
"53","S3P5.C1","time",-0.56525
"54","S3P5.C1","Flux",0.0054
"55","S1P2.C2","time",-1.57124
"56","S1P2.C2","Flux",-0.03636
"57","S1P4.C2","time",-0.52488
"58","S1P4.C2","Flux",-0.002
"59","S1P6.C2","time",-0.53718
"60","S1P6.C2","Flux",-0.01576
"61","S2P8.C2","time",-0.49657
"62","S2P8.C2","Flux",-0.00795
"63","S2P4.C2","time",-0.54231
"64","S2P4.C2","Flux",-0.02784
"65","S2P6.C2","time",-0.51125
"66","S2P6.C2","Flux",-0.00651
"67","S3P2.C2","time",-0.5366
"68","S3P2.C2","Flux",-0.00229
"69","S3P4.C2","time",-0.51817
"70","S3P4.C2","Flux",-0.000677
"71","S3P6.C2","time",-0.54682
"72","S3P6.C2","Flux",0.00421
"73","S1P1.C1","time",-0.47876
"74","S1P1.C1","Flux",0.000737
"75","S1P3.C1","time",-0.47899
"76","S1P3.C1","Flux",0.00718
"77","S1P5.C1","time",-1.55719
"78","S1P5.C1","Flux",-0.00184
"79","S2P1.C1","time",-0.49623
"80","S2P1.C1","Flux",-0.00367
"81","S2P3.C1","time",-0.45328
"82","S2P7.C1","time",-0.45738
"83","S2P7.C1","Flux",-0.00163
"84","S3P1.C1","time",-0.54685
"85","S3P1.C1","Flux",0.00759
"86","S3P3.C1","time",-0.50073
"87","S3P3.C1","Flux",-0.00116
"88","S3P5.C1","time",-0.49064
"89","S3P5.C1","Flux",0.00247
"90","S1P2.C2","time",-1.55703
"91","S1P2.C2","Flux",-0.02429
"92","S1P4.C2","time",-0.45006
"93","S1P6.C2","time",-0.45031
"94","S2P8.C2","time",-0.42174
"95","S2P4.C2","time",-0.46752
"96","S2P4.C2","Flux",-0.02011
"97","S2P6.C2","time",-0.43634
"98","S3P2.C2","time",-0.46197
"99","S3P4.C2","time",-0.44331
"100","S3P6.C2","time",-0.47203
"101","S1P1.C1","time",-0.40397
"102","S1P3.C1","time",-0.39222
"103","S1P5.C1","time",-1.54294
"104","S1P5.C1","Flux",0.0174
"105","S2P1.C1","time",-0.42139
"106","S2P3.C1","time",-0.37838
"107","S2P7.C1","time",-0.38259
"108","S3P1.C1","time",-0.47201
"109","S3P1.C1","Flux",0.00481
"110","S3P3.C1","time",-0.42591
"111","S3P5.C1","time",-0.41598
"112","S1P2.C2","time",-1.54275
"113","S1P2.C2","Flux",0.0032
"114","S1P4.C2","time",-0.37525
"115","S1P6.C2","time",-0.36352
"116","S2P8.C2","time",-0.347
"117","S2P4.C2","time",-0.39267
"118","S2P6.C2","time",-0.3615
"119","S3P2.C2","time",-0.38734
"120","S3P4.C2","time",-0.36851
"121","S3P6.C2","time",-0.39722
"122","S1P1.C1","time",-0.32916
"123","S1P3.C1","time",-0.30537
"124","S1P5.C1","time",-1.52872
"125","S1P5.C1","Flux",0.09321
"126","S2P1.C1","time",-0.34657
"127","S2P3.C1","time",-0.30354
"128","S2P7.C1","time",-0.30787
"129","S3P1.C1","time",-0.3972
"130","S3P3.C1","time",-0.35117
"131","S3P5.C1","time",-0.34138
"132","S1P2.C2","time",-1.52853
"133","S1P2.C2","Flux",-0.02758
"134","S1P4.C2","time",-0.30044
"135","S1P6.C2","time",-0.27668
"136","S1P6.C2","Flux",0.00264
"137","S2P8.C2","time",-0.27227
"138","S2P8.C2","Flux",0.00101
"139","S2P4.C2","time",-0.31791
"140","S2P6.C2","time",-0.28663
"141","S2P6.C2","Flux",0.00495
"142","S3P2.C2","time",-0.31274
"143","S3P4.C2","time",-0.29367
"144","S3P4.C2","Flux",-0.02749
"145","S3P6.C2","time",-0.32248
"146","S1P1.C1","time",-0.25434
"147","S1P1.C1","Flux",0.0081
"148","S1P3.C1","time",-0.21856
"149","S1P3.C1","Flux",0.00817
"150","S1P5.C1","time",-1.51449
"151","S1P5.C1","Flux",-0.03828
"152","S2P1.C1","time",-0.27181
"153","S2P1.C1","Flux",-0.00526
"154","S2P3.C1","time",-0.22868
"155","S2P3.C1","Flux",-0.00778
"156","S2P7.C1","time",-0.23316
"157","S2P7.C1","Flux",0.00239
"158","S3P1.C1","time",-0.32236
"159","S3P3.C1","time",-0.27639
"160","S3P3.C1","Flux",-0.01523
"161","S3P5.C1","time",-0.26672
"162","S3P5.C1","Flux",0.00452
"163","S1P2.C2","time",-1.51431
"164","S1P2.C2","Flux",-0.0171
"165","S1P4.C2","time",-0.22564
"166","S1P4.C2","Flux",0.0023
"167","S1P6.C2","time",-0.18968
"168","S1P6.C2","Flux",-0.0057
"169","S2P8.C2","time",-0.19753
"170","S2P8.C2","Flux",-0.00677
"171","S2P4.C2","time",-0.24313
"172","S2P4.C2","Flux",0.0015
"173","S2P6.C2","time",-0.21178
"174","S2P6.C2","Flux",0.00334
"175","S3P2.C2","time",-0.23808
"176","S3P2.C2","Flux",-0.0051
"177","S3P4.C2","time",-0.21884
"178","S3P4.C2","Flux",0.00131
"179","S3P6.C2","time",-0.24769
"180","S3P6.C2","Flux",0.00257
"181","S1P1.C1","time",-0.17954
"182","S1P1.C1","Flux",0.00412
"183","S1P3.C1","time",-0.1298
"184","S1P3.C1","Flux",-0.00977
"185","S1P5.C1","time",-1.49675
"186","S1P5.C1","Flux",-0.01256
"187","S2P1.C1","time",-0.19699
"188","S2P1.C1","Flux",-0.00295
"189","S2P3.C1","time",-0.15382
"190","S2P3.C1","Flux",-0.01716
"191","S2P7.C1","time",-0.15837
"192","S2P7.C1","Flux",-0.00749
"193","S3P1.C1","time",-0.24753
"194","S3P1.C1","Flux",0.0127
"195","S3P3.C1","time",-0.20163
"196","S3P3.C1","Flux",-0.00777
"197","S3P5.C1","time",-0.19205
"198","S3P5.C1","Flux",0.01732
"199","S1P2.C2","time",-1.49659
"200","S1P2.C2","Flux",-0.000326
"201","S1P4.C2","time",-0.15082
"202","S1P4.C2","Flux",0.00487
"203","S1P6.C2","time",-0.10104
"204","S1P6.C2","Flux",-0.0047
"205","S2P8.C2","time",-0.12279
"206","S2P8.C2","Flux",0.00255
"207","S2P4.C2","time",-0.16826
"208","S2P4.C2","Flux",0.0069
"209","S2P6.C2","time",-0.1369
"210","S2P6.C2","Flux",0.01164
"211","S3P2.C2","time",-0.16334
"212","S3P2.C2","Flux",-0.00661
"213","S3P4.C2","time",-0.14403
"214","S3P4.C2","Flux",0.00662
"215","S3P6.C2","time",-0.17293
"216","S3P6.C2","Flux",0.00186
"217","S1P1.C1","time",-0.10471
"218","S1P1.C1","Flux",0.01187
"219","S1P3.C1","time",-0.04495
"220","S1P3.C1","Flux",0.00132
"221","S1P5.C1","time",-1.48253
"222","S1P5.C1","Flux",-0.01202
"223","S2P1.C1","time",-0.12216
"224","S2P1.C1","Flux",0.00985
"225","S2P3.C1","time",-0.07897
"226","S2P3.C1","Flux",-0.01397
"227","S2P7.C1","time",-0.08367
"228","S2P7.C1","Flux",0.00227
"229","S3P1.C1","time",-0.1727
"230","S3P1.C1","Flux",-0.00732
"231","S3P3.C1","time",-0.12685
"232","S3P3.C1","Flux",-0.01763
"233","S3P5.C1","time",-0.11728
"234","S3P5.C1","Flux",-0.00212
"235","S1P2.C2","time",-1.48236
"236","S1P2.C2","Flux",-0.00864
"237","S1P4.C2","time",-0.07598
"238","S1P4.C2","Flux",-0.000735
"239","S1P6.C2","time",-0.00735
"240","S1P6.C2","Flux",0.01102
"241","S2P8.C2","time",-0.04801
"242","S2P8.C2","Flux",-0.00376
"243","S2P4.C2","time",-0.09343
"244","S2P4.C2","Flux",0.01416
"245","S2P6.C2","time",-0.06207
"246","S2P6.C2","Flux",-0.02382
"247","S3P2.C2","time",-0.08854
"248","S3P2.C2","Flux",0.00125
"249","S3P4.C2","time",-0.06925
"250","S3P4.C2","Flux",-0.0077
"251","S3P6.C2","time",-0.09814
"252","S3P6.C2","Flux",0.0028
"253","S1P1.C1","time",-0.02986
"254","S1P1.C1","Flux",-0.00404
"255","S1P3.C1","time",-0.00755
"256","S1P3.C1","Flux",0.00198
"257","S1P5.C1","time",-1.46832
"258","S1P5.C1","Flux",-0.00177
"259","S2P1.C1","time",-0.04726
"260","S2P1.C1","Flux",0.00922
"261","S2P3.C1","time",-0.02704
"262","S2P3.C1","Flux",-0.00183
"263","S2P7.C1","time",-0.00747
"264","S2P7.C1","Flux",-0.01536
"265","S3P1.C1","time",-0.09791
"266","S3P1.C1","Flux",0.00505
"267","S3P3.C1","time",-0.05207
"268","S3P3.C1","Flux",-0.00842
"269","S3P5.C1","time",-0.04241
"270","S3P5.C1","Flux",-0.00388
"271","S1P2.C2","time",-1.46814
"272","S1P2.C2","Flux",0.00446
"273","S1P4.C2","time",-0.00652
"274","S1P4.C2","Flux",0.00741
"275","S1P6.C2","time",0.01405
"276","S1P6.C2","Flux",0.00419
"277","S2P8.C2","time",-0.000324
"278","S2P8.C2","Flux",-0.00679
"279","S2P4.C2","time",-0.00723
"280","S2P4.C2","Flux",-0.000286
"281","S2P6.C2","time",-0.03867
"282","S2P6.C2","Flux",-0.0054
"283","S3P2.C2","time",-0.01366
"284","S3P2.C2","Flux",0.00317
"285","S3P4.C2","time",-0.00716
"286","S3P4.C2","Flux",-0.00382
"287","S3P6.C2","time",-0.02815
"288","S3P6.C2","Flux",0.00782
"289","S1P1.C1","time",-0.0067
"290","S1P1.C1","Flux",-0.02583
"291","S1P3.C1","time",0.01385
"292","S1P3.C1","Flux",0.00745
"293","S1P5.C1","time",-1.45409
"294","S2P1.C1","time",-0.00742
"295","S2P1.C1","Flux",-0.00292
"296","S2P3.C1","time",-0.00565
"297","S2P3.C1","Flux",-0.00545
"298","S2P7.C1","time",0.01391
"299","S2P7.C1","Flux",-0.004
"300","S3P1.C1","time",-0.02315
"301","S3P1.C1","Flux",0.01038
"302","S3P3.C1","time",-0.02834
"303","S3P3.C1","Flux",-0.00136
"304","S3P5.C1","time",0.01333
"305","S3P5.C1","Flux",-0.00508
"306","S1P2.C2","time",-1.45391
"307","S1P4.C2","time",0.01488
"308","S1P4.C2","Flux",-0.00684
"309","S1P6.C2","time",0.03545
"310","S1P6.C2","Flux",1.39e-05
"311","S2P8.C2","time",0.02105
"312","S2P8.C2","Flux",-0.00749
"313","S2P4.C2","time",0.01417
"314","S2P4.C2","Flux",-0.00246
"315","S2P6.C2","time",-0.01727
"316","S3P2.C2","time",0.01354
"317","S3P2.C2","Flux",0.0015
"318","S3P4.C2","time",0.01422
"319","S3P4.C2","Flux",-0.00488
"320","S3P6.C2","time",-0.00682
"321","S3P6.C2","Flux",-0.0028
"322","S1P1.C1","time",0.01469
"323","S1P1.C1","Flux",0.01114
"324","S1P3.C1","time",0.03525
"325","S1P3.C1","Flux",0.00876
"326","S1P5.C1","time",-1.43986
"327","S2P1.C1","time",0.01398
"328","S2P1.C1","Flux",0.02082
"329","S2P3.C1","time",0.01573
"330","S2P3.C1","Flux",-0.00451
"331","S2P7.C1","time",0.0353
"332","S2P7.C1","Flux",-0.000324
"333","S3P1.C1","time",-0.00731
"334","S3P1.C1","Flux",-0.00454
"335","S3P3.C1","time",-0.00703
"336","S3P3.C1","Flux",-0.0024
"337","S3P5.C1","time",0.03475
"338","S3P5.C1","Flux",0.01305
"339","S1P2.C2","time",-1.43969
"340","S1P4.C2","time",0.0363
"341","S1P4.C2","Flux",-0.01218
"342","S1P6.C2","time",0.05686
"343","S1P6.C2","Flux",-0.00387
"344","S2P8.C2","time",0.04244
"345","S2P8.C2","Flux",-0.00082
"346","S2P4.C2","time",0.03558
"347","S2P4.C2","Flux",-0.00539
"348","S2P6.C2","time",0.01428
"349","S2P6.C2","Flux",-0.00163
"350","S3P2.C2","time",0.03495
"351","S3P2.C2","Flux",0.00152
"352","S3P4.C2","time",0.03561
"353","S3P4.C2","Flux",0.00151
"354","S3P6.C2","time",0.01455
"355","S3P6.C2","Flux",0.01021
"356","S1P1.C1","time",0.0361
"357","S1P1.C1","Flux",0.01453
"358","S1P3.C1","time",0.05667
"359","S1P3.C1","Flux",-0.00396
"360","S1P5.C1","time",-1.42565
"361","S2P1.C1","time",0.03539
"362","S2P1.C1","Flux",0.00076
"363","S2P3.C1","time",0.02591
"364","S2P3.C1","Flux",-0.00761
"365","S2P7.C1","time",0.05667
"366","S2P7.C1","Flux",-0.01169
"367","S3P1.C1","time",0.01405
"368","S3P1.C1","Flux",0.00451
"369","S3P3.C1","time",0.01434
"370","S3P3.C1","Flux",-0.01034
"371","S3P5.C1","time",0.05618
"372","S3P5.C1","Flux",0.00395
"373","S1P2.C2","time",-1.42546
"374","S1P4.C2","time",0.0577
"375","S1P4.C2","Flux",0.01912
"376","S1P6.C2","time",0.08181
"377","S1P6.C2","Flux",0.00122
"378","S2P8.C2","time",0.06381
"379","S2P8.C2","Flux",0.00124
"380","S2P4.C2","time",0.05697
"381","S2P4.C2","Flux",-0.00121
"382","S2P6.C2","time",0.03568
"383","S2P6.C2","Flux",0.000404
"384","S3P2.C2","time",0.05638
"385","S3P2.C2","Flux",0.00151
"386","S3P4.C2","time",0.05701
"387","S3P6.C2","time",0.03595
"388","S3P6.C2","Flux",0.00275
"389","S1P1.C1","time",0.0575
"390","S1P1.C1","Flux",-0.00759
"391","S1P3.C1","time",0.08161
"392","S1P3.C1","Flux",-0.00043
"393","S1P5.C1","time",-1.40788
"394","S2P1.C1","time",0.05678
"395","S2P1.C1","Flux",-0.00282
"396","S2P3.C1","time",0.0473
"397","S2P3.C1","Flux",-0.00323
"398","S2P7.C1","time",0.0816
"399","S2P7.C1","Flux",-0.0031
"400","S3P1.C1","time",0.03544
"401","S3P1.C1","Flux",-0.0031
"402","S3P3.C1","time",0.03574
"403","S3P3.C1","Flux",-0.0056
"404","S3P5.C1","time",0.07759
"405","S3P5.C1","Flux",-0.00557
"406","S1P2.C2","time",-1.40769
"407","S1P4.C2","time",0.08265
"408","S1P4.C2","Flux",0.00156
"409","S1P6.C2","time",0.10321
"410","S1P6.C2","Flux",-0.00801
"411","S2P8.C2","time",0.08874
"412","S2P8.C2","Flux",0.00449
"413","S2P4.C2","time",0.0819
"414","S2P4.C2","Flux",0.01133
"415","S2P6.C2","time",0.05706
"416","S2P6.C2","Flux",-0.01173
"417","S3P2.C2","time",0.0778
"418","S3P2.C2","Flux",-0.00576
"419","S3P4.C2","time",0.08193
"420","S3P4.C2","Flux",-0.01579
"421","S3P6.C2","time",0.06083
"422","S3P6.C2","Flux",-0.00144
"423","S1P1.C1","time",0.08245
"424","S1P1.C1","Flux",-0.00186
"425","S1P3.C1","time",0.10301
"426","S1P3.C1","Flux",-0.00833
"427","S1P5.C1","time",-1.39363
"428","S2P1.C1","time",0.08171
"429","S2P1.C1","Flux",-0.0168
"430","S2P3.C1","time",0.06868
"431","S2P3.C1","Flux",0.00462
"432","S2P7.C1","time",0.10296
"433","S2P7.C1","Flux",0.01024
"434","S3P1.C1","time",0.05684
"435","S3P3.C1","time",0.06062
"436","S3P3.C1","Flux",-0.01317
"437","S3P5.C1","time",0.10253
"438","S3P5.C1","Flux",0.01337
"439","S1P2.C2","time",-1.39345
"440","S1P4.C2","time",0.10404
"441","S1P4.C2","Flux",0.01076
"442","S1P6.C2","time",0.12461
"443","S1P6.C2","Flux",-0.01322
"444","S2P8.C2","time",0.1101
"445","S2P8.C2","Flux",-0.00103
"446","S2P4.C2","time",0.1033
"447","S2P4.C2","Flux",1.55e-05
"448","S2P6.C2","time",0.07846
"449","S2P6.C2","Flux",-0.00271
"450","S3P2.C2","time",0.10272
"451","S3P2.C2","Flux",0.00487
"452","S3P4.C2","time",0.10334
"453","S3P4.C2","Flux",0.00487
"454","S3P6.C2","time",0.08222
"455","S3P6.C2","Flux",0.00621
"456","S1P1.C1","time",0.10384
"457","S1P1.C1","Flux",-0.00536
"458","S1P3.C1","time",0.12441
"459","S1P3.C1","Flux",-0.00406
"460","S1P5.C1","time",-1.37941
"461","S2P1.C1","time",0.10311
"462","S2P1.C1","Flux",-0.0065
"463","S2P3.C1","time",0.09008
"464","S2P3.C1","Flux",0.01234
"465","S2P7.C1","time",0.1244
"466","S2P7.C1","Flux",-0.01184
"467","S3P1.C1","time",0.08177
"468","S3P1.C1","Flux",-0.01914
"469","S3P3.C1","time",0.08201
"470","S3P3.C1","Flux",-0.00191
"471","S3P5.C1","time",0.12394
"472","S3P5.C1","Flux",0.00726
"473","S1P2.C2","time",-1.37922
"474","S1P4.C2","time",0.12547
"475","S1P4.C2","Flux",-0.00524
"476","S1P6.C2","time",0.14601
"477","S1P6.C2","Flux",-9.49e-05
"478","S2P8.C2","time",0.13154
"479","S2P8.C2","Flux",0.00927
"480","S2P4.C2","time",0.12471
"481","S2P4.C2","Flux",-0.00144
"482","S2P6.C2","time",0.10339
"483","S2P6.C2","Flux",0.00914
"484","S3P2.C2","time",0.12414
"485","S3P2.C2","Flux",-0.00343
"486","S3P4.C2","time",0.12472
"487","S3P4.C2","Flux",-0.00161
"488","S3P6.C2","time",0.1036
"489","S3P6.C2","Flux",0.00176
"490","S1P1.C1","time",0.12527
"491","S1P1.C1","Flux",0.0036
"492","S1P3.C1","time",0.14581
"493","S1P3.C1","Flux",-0.00339
"494","S1P5.C1","time",-1.36516
"495","S2P1.C1","time",0.12453
"496","S2P1.C1","Flux",0.01884
"497","S2P3.C1","time",0.11501
"498","S2P3.C1","Flux",0.00451
"499","S2P7.C1","time",0.14576
"500","S2P7.C1","Flux",-0.01348
"501","S3P1.C1","time",0.10317
"502","S3P1.C1","Flux",-0.00268
"503","S3P3.C1","time",0.10339
"504","S3P3.C1","Flux",0.01422
"505","S3P5.C1","time",0.14536
"506","S3P5.C1","Flux",0.00872
"507","S1P2.C2","time",-1.36498
"508","S1P4.C2","time",0.14685
"509","S1P4.C2","Flux",-0.00091
"510","S1P6.C2","time",0.17093
"511","S1P6.C2","Flux",-0.00546
"512","S2P8.C2","time",0.15291
"513","S2P8.C2","Flux",-0.00532
"514","S2P4.C2","time",0.14608
"515","S2P4.C2","Flux",-0.00364
"516","S2P6.C2","time",0.12477
"517","S2P6.C2","Flux",0.00222
"518","S3P2.C2","time",0.14557
"519","S3P2.C2","Flux",-0.000489
"520","S3P4.C2","time",0.14611
"521","S3P4.C2","Flux",0.01686
"522","S3P6.C2","time",0.12501
"523","S3P6.C2","Flux",0.000888
"524","S1P1.C1","time",0.14666
"525","S1P1.C1","Flux",-0.00546
"526","S1P3.C1","time",0.17073
"527","S1P3.C1","Flux",-0.00335
"528","S1P5.C1","time",-1.35091
"529","S2P1.C1","time",0.1459
"530","S2P1.C1","Flux",-0.01367
"531","S2P3.C1","time",0.13639
"532","S2P3.C1","Flux",0.0099
"533","S2P7.C1","time",0.17072
"534","S2P7.C1","Flux",-0.00292
"535","S3P1.C1","time",0.12455
"536","S3P1.C1","Flux",0.00864
"537","S3P3.C1","time",0.1248
"538","S3P3.C1","Flux",-0.00986
"539","S3P5.C1","time",0.16678
"540","S3P5.C1","Flux",-0.01404
"541","S1P2.C2","time",-1.35072
"542","S1P4.C2","time",0.17178
"543","S1P4.C2","Flux",0.00501
"544","S1P6.C2","time",0.19233
"545","S1P6.C2","Flux",0.01304
"546","S2P8.C2","time",0.17786
"547","S2P8.C2","Flux",0.00885
"548","S2P4.C2","time",0.171
"549","S2P4.C2","Flux",0.00497
"550","S2P6.C2","time",0.14615
"551","S2P6.C2","Flux",0.01079
"552","S3P2.C2","time",0.16698
"553","S3P2.C2","Flux",-0.0059
"554","S3P4.C2","time",0.17102
"555","S3P4.C2","Flux",-0.000753
"556","S3P6.C2","time",0.14993
"557","S3P6.C2","Flux",-0.000459
"558","S1P1.C1","time",0.17159
"559","S1P1.C1","Flux",0.01632
"560","S1P3.C1","time",0.19213
"561","S1P3.C1","Flux",-0.00176
"562","S1P5.C1","time",-1.33666
"563","S2P1.C1","time",0.17081
"564","S2P1.C1","Flux",-0.004
"565","S2P3.C1","time",0.15777
"566","S2P3.C1","Flux",0.00192
"567","S2P7.C1","time",0.19207
"568","S2P7.C1","Flux",0.00289
"569","S3P1.C1","time",0.14594
"570","S3P1.C1","Flux",-0.00179
"571","S3P3.C1","time",0.14972
"572","S3P3.C1","Flux",0.00771
"573","S3P5.C1","time",0.19174
"574","S3P5.C1","Flux",-0.0073
"575","S1P2.C2","time",-1.33646
"576","S1P4.C2","time",0.19318
"577","S1P4.C2","Flux",-0.00439
"578","S1P6.C2","time",0.21373
"579","S1P6.C2","Flux",-0.00547
"580","S2P8.C2","time",0.19921
"581","S2P8.C2","Flux",-0.0025
"582","S2P4.C2","time",0.19236
"583","S2P4.C2","Flux",-0.00968
"584","S2P6.C2","time",0.16755
"585","S2P6.C2","Flux",0.00276
"586","S3P2.C2","time",0.19192
"587","S3P2.C2","Flux",-0.00454
"588","S3P4.C2","time",0.19242
"589","S3P4.C2","Flux",0.01941
"590","S3P6.C2","time",0.17134
"591","S3P6.C2","Flux",0.00701
"592","S1P1.C1","time",0.193
"593","S1P1.C1","Flux",-0.00392
"594","S1P3.C1","time",0.21353
"595","S1P3.C1","Flux",0.01122
"596","S1P5.C1","time",-1.31887
"597","S2P1.C1","time",0.19218
"598","S2P1.C1","Flux",-0.00163
"599","S2P3.C1","time",0.17917
"600","S2P3.C1","Flux",-0.00905
"601","S2P7.C1","time",0.21347
"602","S2P7.C1","Flux",-0.01318
"603","S3P1.C1","time",0.17086
"604","S3P1.C1","Flux",-0.00546
"605","S3P3.C1","time",0.17113
"606","S3P3.C1","Flux",-0.00387
"607","S3P5.C1","time",0.21314
"608","S3P5.C1","Flux",-0.0053
"609","S1P2.C2","time",-1.31868
"610","S1P4.C2","time",0.21457
"611","S1P4.C2","Flux",0.00374
"612","S1P6.C2","time",0.23512
"613","S1P6.C2","Flux",-0.00092
"614","S2P8.C2","time",0.2206
"615","S2P8.C2","Flux",0.00969
"616","S2P4.C2","time",0.21375
"617","S2P4.C2","Flux",-0.00633
"618","S2P6.C2","time",0.19243
"619","S2P6.C2","Flux",0.00056
"620","S3P2.C2","time",0.2133
"621","S3P2.C2","Flux",0.01305
"622","S3P4.C2","time",0.21381
"623","S3P4.C2","Flux",0.01075
"624","S3P6.C2","time",0.19274
"625","S3P6.C2","Flux",0.01254
"626","S1P1.C1","time",0.21438
"627","S1P1.C1","Flux",-0.00213
"628","S1P3.C1","time",0.23492
"629","S1P3.C1","Flux",-0.00713
"630","S1P5.C1","time",-1.30458
"631","S2P1.C1","time",0.21356
"632","S2P1.C1","Flux",0.00316
"633","S2P3.C1","time",0.20405
"634","S2P3.C1","Flux",-0.000187
"635","S2P7.C1","time",0.23481
"636","S2P7.C1","Flux",-0.01091
"637","S3P1.C1","time",0.19225
"638","S3P1.C1","Flux",-0.00226
"639","S3P3.C1","time",0.19253
"640","S3P3.C1","Flux",-0.01492
"641","S3P5.C1","time",0.23451
"642","S3P5.C1","Flux",-0.00485
"643","S1P2.C2","time",-1.30439
"644","S1P4.C2","time",0.23598
"645","S1P4.C2","Flux",-0.01297
"646","S1P6.C2","time",0.26002
"647","S1P6.C2","Flux",0.00466
"648","S2P8.C2","time",0.24196
"649","S2P8.C2","Flux",0.00327
"650","S2P4.C2","time",0.23514
"651","S2P4.C2","Flux",0.00103
"652","S2P6.C2","time",0.21383
"653","S2P6.C2","Flux",0.01019
"654","S3P2.C2","time",0.23471
"655","S3P2.C2","Flux",-0.00766
"656","S3P4.C2","time",0.23521
"657","S3P4.C2","Flux",0.00966
"658","S3P6.C2","time",0.21414
"659","S3P6.C2","Flux",-0.00977
"660","S1P1.C1","time",0.23578
"661","S1P1.C1","Flux",0.00677
"662","S1P3.C1","time",0.25983
"663","S1P3.C1","Flux",-0.00363
"664","S1P5.C1","time",-1.2903
"665","S2P1.C1","time",0.23495
"666","S2P1.C1","Flux",-0.00427
"667","S2P3.C1","time",0.22545
"668","S2P3.C1","Flux",0.00476
"669","S2P7.C1","time",0.25977
"670","S2P7.C1","Flux",0.00263
"671","S3P1.C1","time",0.21363
"672","S3P1.C1","Flux",0.00663
"673","S3P3.C1","time",0.21394
"674","S3P3.C1","Flux",-0.0146
"675","S3P5.C1","time",0.2559
"676","S3P5.C1","Flux",-0.006
"677","S1P2.C2","time",-1.29012
"678","S1P2.C2","Flux",-0.000589
"679","S1P4.C2","time",0.26093
"680","S1P4.C2","Flux",-0.000485
"681","S1P6.C2","time",0.28142
"682","S1P6.C2","Flux",0.00537
"683","S2P8.C2","time",0.26691
"684","S2P8.C2","Flux",0.00057
"685","S2P4.C2","time",0.26007
"686","S2P4.C2","Flux",0.00864
"687","S2P6.C2","time",0.2352
"688","S2P6.C2","Flux",-0.00997
"689","S3P2.C2","time",0.2561
"690","S3P2.C2","Flux",0.00363
"691","S3P4.C2","time",0.26014
"692","S3P4.C2","Flux",0.00801
"693","S3P6.C2","time",0.23906
"694","S3P6.C2","Flux",-0.00286
"695","S1P1.C1","time",0.26072
"696","S1P1.C1","Flux",-0.00171
"697","S1P3.C1","time",0.28123
"698","S1P3.C1","Flux",-0.02035
"699","S1P5.C1","time",-1.27603
"700","S1P5.C1","Flux",0.03257
"701","S2P1.C1","time",0.25988
"702","S2P1.C1","Flux",-0.00579
"703","S2P3.C1","time",0.24683
"704","S2P3.C1","Flux",-0.00721
"705","S2P7.C1","time",0.28113
"706","S2P7.C1","Flux",0.00252
"707","S3P1.C1","time",0.23503
"708","S3P1.C1","Flux",-0.01156
"709","S3P3.C1","time",0.23885
"710","S3P3.C1","Flux",-0.00393
"711","S3P5.C1","time",0.28087
"712","S3P5.C1","Flux",-0.00811
"713","S1P2.C2","time",-1.27587
"714","S1P2.C2","Flux",-0.00325
"715","S1P4.C2","time",0.29495
"716","S1P4.C2","Flux",0.01549
"717","S1P6.C2","time",0.30277
"718","S1P6.C2","Flux",0.01277
"719","S2P8.C2","time",0.28828
"720","S2P8.C2","Flux",0.000591
"721","S2P4.C2","time",0.28146
"722","S2P4.C2","Flux",0.00526
"723","S2P6.C2","time",0.2566
"724","S2P6.C2","Flux",0.01142
"725","S3P2.C2","time",0.28106
"726","S3P2.C2","Flux",0.00566
"727","S3P4.C2","time",0.28153
"728","S3P4.C2","Flux",0.00463
"729","S3P6.C2","time",0.34396
"730","S3P6.C2","Flux",0.00476
"731","S1P1.C1","time",0.28212
"732","S1P1.C1","Flux",0.00341
"733","S1P3.C1","time",0.3026
"734","S1P3.C1","Flux",0.00591
"735","S1P5.C1","time",-1.26178
"736","S1P5.C1","Flux",0.00241
"737","S2P1.C1","time",0.28127
"738","S2P1.C1","Flux",0.000995
"739","S2P3.C1","time",0.26822
"740","S2P3.C1","Flux",0.00165
"741","S2P7.C1","time",0.30252
"742","S2P7.C1","Flux",-0.00497
"743","S3P1.C1","time",0.25998
"744","S3P1.C1","Flux",-0.02431
"745","S3P3.C1","time",0.26025
"746","S3P3.C1","Flux",-0.00621
"747","S3P5.C1","time",0.30227
"748","S3P5.C1","Flux",-0.01141
"749","S1P2.C2","time",-1.26161
"750","S1P2.C2","Flux",0.00606
"751","S1P4.C2","time",0.33061
"752","S1P4.C2","Flux",-0.000558
"753","S1P6.C2","time",0.32416
"754","S1P6.C2","Flux",-0.00573
"755","S2P8.C2","time",0.30966
"756","S2P8.C2","Flux",0.01601
"757","S2P4.C2","time",0.30286
"758","S2P4.C2","Flux",0.00293
"759","S2P6.C2","time",0.28152
"760","S2P6.C2","Flux",0.00966
"761","S3P2.C2","time",0.30247
"762","S3P2.C2","Flux",-0.00151
"763","S3P4.C2","time",0.30292
"764","S3P4.C2","Flux",0.00882
"765","S3P6.C2","time",0.37954
"766","S3P6.C2","Flux",0.02704
"767","S1P1.C1","time",0.29477
"768","S1P1.C1","Flux",0.00186
"769","S1P3.C1","time",0.32397
"770","S1P3.C1","Flux",0.00753
"771","S1P5.C1","time",-1.24755
"772","S1P5.C1","Flux",0.01175
"773","S2P1.C1","time",0.30267
"774","S2P1.C1","Flux",0.00328
"775","S2P3.C1","time",0.29314
"776","S2P3.C1","Flux",-0.01256
"777","S2P7.C1","time",0.32389
"778","S2P7.C1","Flux",-0.00336
"779","S3P1.C1","time",0.28135
"780","S3P1.C1","Flux",-0.0089
"781","S3P3.C1","time",0.34375
"782","S3P3.C1","Flux",-0.00932
"783","S3P5.C1","time",0.32558
"784","S3P5.C1","Flux",1.65e-05
"785","S1P2.C2","time",-1.24737
"786","S1P2.C2","Flux",-0.000842
"787","S1P4.C2","time",0.34993
"788","S1P4.C2","Flux",0.00466
"789","S1P6.C2","time",0.34215
"790","S1P6.C2","Flux",0.0016
"791","S2P8.C2","time",0.33103
"792","S2P8.C2","Flux",0.00176
"793","S2P4.C2","time",0.32426
"794","S2P4.C2","Flux",0.0115
"795","S2P6.C2","time",0.30757
"796","S2P6.C2","Flux",0.01124
"797","S3P2.C2","time",0.32579
"798","S3P2.C2","Flux",0.00557
"799","S3P4.C2","time",0.32431
"800","S3P4.C2","Flux",0.004
"801","S3P6.C2","time",0.41865
"802","S3P6.C2","Flux",0.01746
"803","S1P1.C1","time",0.33043
"804","S1P1.C1","Flux",0.00684
"805","S1P3.C1","time",0.34196
"806","S1P3.C1","Flux",0.01114
"807","S1P5.C1","time",-1.22977
"808","S1P5.C1","Flux",0.000285
"809","S2P1.C1","time",0.32407
"810","S2P1.C1","Flux",0.00693
"811","S2P3.C1","time",0.3192
"812","S2P3.C1","Flux",0.00135
"813","S2P7.C1","time",0.3488
"814","S2P7.C1","Flux",-0.00492
"815","S3P1.C1","time",0.30275
"816","S3P1.C1","Flux",0.00722
"817","S3P3.C1","time",0.37933
"818","S3P3.C1","Flux",-0.00448
"819","S3P5.C1","time",0.36125
"820","S3P5.C1","Flux",-0.00361
"821","S1P2.C2","time",-1.22959
"822","S1P2.C2","Flux",0.00207
"823","S1P4.C2","time",0.38561
"824","S1P4.C2","Flux",0.01462
"825","S1P6.C2","time",0.37781
"826","S1P6.C2","Flux",0.009
"827","S2P8.C2","time",0.35594
"828","S2P8.C2","Flux",-0.00412
"829","S2P4.C2","time",0.34347
"830","S2P4.C2","Flux",0.01197
"831","S2P6.C2","time",0.34316
"832","S2P6.C2","Flux",-0.00598
"833","S3P2.C2","time",0.36145
"834","S3P2.C2","Flux",0.01589
"835","S3P4.C2","time",0.34922
"836","S3P4.C2","Flux",0.04809
"837","S3P6.C2","time",0.45426
"838","S3P6.C2","Flux",0.01596
"839","S1P1.C1","time",0.34973
"840","S1P1.C1","Flux",-0.00931
"841","S1P3.C1","time",0.37762
"842","S1P3.C1","Flux",0.00895
"843","S1P5.C1","time",-1.21551
"844","S1P5.C1","Flux",0.02094
"845","S2P1.C1","time",0.34326
"846","S2P1.C1","Flux",0.00816
"847","S2P3.C1","time",0.3548
"848","S2P3.C1","Flux",0.00102
"849","S2P7.C1","time",0.37016
"850","S2P7.C1","Flux",0.0065
"851","S3P1.C1","time",0.32414
"852","S3P1.C1","Flux",0.0034
"853","S3P3.C1","time",0.41844
"854","S3P3.C1","Flux",-0.00112
"855","S3P5.C1","time",0.40043
"856","S3P5.C1","Flux",0.00596
"857","S1P2.C2","time",-1.21531
"858","S1P2.C2","Flux",0.01177
"859","S1P4.C2","time",0.4248
"860","S1P4.C2","Flux",0.00975
"861","S1P6.C2","time",0.41703
"862","S1P6.C2","Flux",-0.01198
"863","S2P8.C2","time",0.37727
"864","S2P8.C2","Flux",0.0107
"865","S2P4.C2","time",0.3791
"866","S2P4.C2","Flux",0.00634
"867","S2P6.C2","time",0.39405
"868","S2P6.C2","Flux",-0.0208
"869","S3P2.C2","time",0.4006
"870","S3P2.C2","Flux",0.00817
"871","S3P4.C2","time",0.36887
"872","S3P4.C2","Flux",0.02486
"873","S3P6.C2","time",0.49346
"874","S3P6.C2","Flux",0.01065
"875","S1P1.C1","time",0.38542
"876","S1P1.C1","Flux",-0.000353
"877","S1P3.C1","time",0.41683
"878","S1P3.C1","Flux",-0.00662
"879","S1P5.C1","time",-1.20125
"880","S1P5.C1","Flux",0.01324
"881","S2P1.C1","time",0.37892
"882","S2P1.C1","Flux",0.00345
"883","S2P3.C1","time",0.40569
"884","S2P3.C1","Flux",-0.00091
"885","S2P7.C1","time",0.3915
"886","S2P7.C1","Flux",0.00403
"887","S3P1.C1","time",0.34906
"888","S3P1.C1","Flux",-0.01176
"889","S3P3.C1","time",0.45405
"890","S3P3.C1","Flux",-0.00434
"891","S3P5.C1","time",0.43609
"892","S3P5.C1","Flux",-0.00472
"893","S1P2.C2","time",-1.20104
"894","S1P2.C2","Flux",0.000834
"895","S1P4.C2","time",0.46047
"896","S1P4.C2","Flux",-0.01005
"897","S1P6.C2","time",0.45263
"898","S1P6.C2","Flux",0.00713
"899","S2P8.C2","time",0.39861
"900","S2P8.C2","Flux",0.00726
"901","S2P4.C2","time",0.41819
"902","S2P4.C2","Flux",0.00216
"903","S2P6.C2","time",0.42963
"904","S2P6.C2","Flux",0.00799
"905","S3P2.C2","time",0.4363
"906","S3P2.C2","Flux",0.00158
"907","S3P4.C2","time",0.40442
"908","S3P4.C2","Flux",0.02415
"909","S3P6.C2","time",0.52911
"910","S1P1.C1","time",0.42461
"911","S1P1.C1","Flux",-0.0023
"912","S1P3.C1","time",0.45247
"913","S1P3.C1","Flux",0.01311
"914","S1P5.C1","time",-1.18696
"915","S1P5.C1","Flux",-0.01819
"916","S2P1.C1","time",0.41803
"917","S2P1.C1","Flux",0.00113
"918","S2P3.C1","time",0.44126
"919","S2P3.C1","Flux",0.01152
"920","S2P7.C1","time",0.41285
"921","S2P7.C1","Flux",0.000784
"922","S3P1.C1","time",0.36872
"923","S3P1.C1","Flux",-0.00646
"924","S3P3.C1","time",0.49325
"925","S3P3.C1","Flux",0.01034
"926","S3P5.C1","time",0.47529
"927","S3P5.C1","Flux",0.000924
"928","S1P2.C2","time",-1.18678
"929","S1P2.C2","Flux",-0.00308
"930","S1P4.C2","time",0.49965
"931","S1P4.C2","Flux",-0.00759
"932","S1P6.C2","time",0.49179
"933","S1P6.C2","Flux",0.00978
"934","S2P8.C2","time",0.41995
"935","S2P8.C2","Flux",0.00224
"936","S2P4.C2","time",0.45376
"937","S2P4.C2","Flux",-0.00764
"938","S2P6.C2","time",0.48088
"939","S2P6.C2","Flux",0.00836
"940","S3P2.C2","time",0.47547
"941","S3P2.C2","Flux",-0.00352
"942","S3P4.C2","time",0.44353
"943","S3P4.C2","Flux",0.02587
"944","S3P6.C2","time",0.56826
"945","S1P1.C1","time",0.46028
"946","S1P1.C1","Flux",0.0054
"947","S1P3.C1","time",0.4916
"948","S1P3.C1","Flux",-0.00925
"949","S1P5.C1","time",-1.17272
"950","S1P5.C1","Flux",0.00879
"951","S2P1.C1","time",0.45358
"952","S2P1.C1","Flux",0.01388
"953","S2P3.C1","time",0.4925
"954","S2P3.C1","Flux",-0.00923
"955","S2P7.C1","time",0.43779
"956","S2P7.C1","Flux",-0.00768
"957","S3P1.C1","time",0.40426
"958","S3P1.C1","Flux",-0.01808
"959","S3P3.C1","time",0.5289
"960","S3P5.C1","time",0.51091
"961","S3P5.C1","Flux",0.00817
"962","S1P2.C2","time",-1.17252
"963","S1P2.C2","Flux",0.01153
"964","S1P4.C2","time",0.53531
"965","S1P4.C2","Flux",0.00587
"966","S1P6.C2","time",0.52743
"967","S1P6.C2","Flux",0.01409
"968","S2P8.C2","time",0.44492
"969","S2P8.C2","Flux",0.0152
"970","S2P4.C2","time",0.49292
"971","S2P4.C2","Flux",0.00134
"972","S2P6.C2","time",0.51648
"973","S2P6.C2","Flux",-0.000445
"974","S3P2.C2","time",0.5111
"975","S3P2.C2","Flux",-0.00541
"976","S3P4.C2","time",0.47916
"977","S3P4.C2","Flux",0.01342
"978","S3P6.C2","time",0.6039
"979","S1P1.C1","time",0.49946
"980","S1P1.C1","Flux",-0.00175
"981","S1P3.C1","time",0.52723
"982","S1P3.C1","Flux",0.00605
"983","S1P5.C1","time",-1.15844
"984","S1P5.C1","Flux",-0.00795
"985","S2P1.C1","time",0.49273
"986","S2P1.C1","Flux",-0.01136
"987","S2P3.C1","time",0.52811
"988","S2P3.C1","Flux",-0.00798
"989","S2P7.C1","time",0.45918
"990","S2P7.C1","Flux",0.0048
"991","S3P1.C1","time",0.44337
"992","S3P1.C1","Flux",-0.00497
"993","S3P3.C1","time",0.56806
"994","S3P5.C1","time",0.5501
"995","S1P2.C2","time",-1.15825
"996","S1P2.C2","Flux",-0.0045
"997","S1P4.C2","time",0.57449
"998","S1P6.C2","time",0.56659
"999","S2P8.C2","time",0.46632
"1000","S2P8.C2","Flux",0.000426
"1001","S2P4.C2","time",0.52856
"1002","S2P4.C2","Flux",-0.00294
"1003","S2P6.C2","time",0.56767
"1004","S3P2.C2","time",0.55029
"1005","S3P4.C2","time",0.51837
"1006","S3P4.C2","Flux",0.0143
"1007","S3P6.C2","time",0.643
"1008","S1P1.C1","time",0.53512
"1009","S1P1.C1","Flux",-0.01816
"1010","S1P3.C1","time",0.5664
"1011","S1P5.C1","time",-1.14065
"1012","S1P5.C1","Flux",-0.00203
"1013","S2P1.C1","time",0.52838
"1014","S2P1.C1","Flux",0.0138
"1015","S2P3.C1","time",0.57931
"1016","S2P7.C1","time",0.48056
"1017","S2P7.C1","Flux",-0.00347
"1018","S3P1.C1","time",0.47899
"1019","S3P1.C1","Flux",-0.0151
"1020","S3P3.C1","time",0.60369
"1021","S3P5.C1","time",0.58575
"1022","S1P2.C2","time",-1.14046
"1023","S1P2.C2","Flux",0.00672
"1024","S1P4.C2","time",0.61014
"1025","S1P6.C2","time",0.60221
"1026","S2P8.C2","time",0.4877
"1027","S2P8.C2","Flux",0.000932
"1028","S2P4.C2","time",0.56771
"1029","S2P6.C2","time",0.60326
"1030","S3P2.C2","time",0.58594
"1031","S3P4.C2","time",0.55405
"1032","S3P6.C2","time",0.67859
"1033","S1P1.C1","time",0.57429
"1034","S1P3.C1","time",0.60204
"1035","S1P5.C1","time",-1.12638
"1036","S1P5.C1","Flux",0.00255
"1037","S2P1.C1","time",0.56753
"1038","S2P3.C1","time",0.6149
"1039","S2P7.C1","time",0.50192
"1040","S2P7.C1","Flux",-0.000604
"1041","S3P1.C1","time",0.51819
"1042","S3P1.C1","Flux",-0.00897
"1043","S3P3.C1","time",0.64279
"1044","S3P5.C1","time",0.62495
"1045","S1P2.C2","time",-1.12619
"1046","S1P2.C2","Flux",-0.00943
"1047","S1P4.C2","time",0.64929
"1048","S1P6.C2","time",0.64137
"1049","S2P8.C2","time",0.50906
"1050","S2P8.C2","Flux",-0.00402
"1051","S2P4.C2","time",0.60334
"1052","S2P6.C2","time",0.6545
"1053","S3P2.C2","time",0.62514
"1054","S3P4.C2","time",0.59331
"1055","S3P6.C2","time",0.71773
"1056","S3P6.C2","Flux",0.01954
"1057","S1P1.C1","time",0.60994
"1058","S1P3.C1","time",0.64118
"1059","S1P5.C1","time",-1.11214
"1060","S1P5.C1","Flux",-0.00651
"1061","S2P1.C1","time",0.60317
"1062","S2P3.C1","time",0.66611
"1063","S2P7.C1","time",0.52686
"1064","S2P7.C1","Flux",-0.00218
"1065","S3P1.C1","time",0.55388
"1066","S3P3.C1","time",0.67838
"1067","S3P5.C1","time",0.66054
"1068","S1P2.C2","time",-1.11194
"1069","S1P2.C2","Flux",-0.000339
"1070","S1P4.C2","time",0.68497
"1071","S1P6.C2","time",0.67696
"1072","S2P8.C2","time",0.534
"1073","S2P8.C2","Flux",0.0076
"1074","S2P4.C2","time",0.6425
"1075","S2P6.C2","time",0.69012
"1076","S3P2.C2","time",0.66074
"1077","S3P4.C2","time",0.62891
"1078","S3P6.C2","time",0.75333
"1079","S3P6.C2","Flux",0.00403
"1080","S1P1.C1","time",0.6491
"1081","S1P3.C1","time",0.67679
"1082","S1P5.C1","time",-1.09789
"1083","S1P5.C1","Flux",0.000552
"1084","S2P1.C1","time",0.64233
"1085","S2P3.C1","time",0.70174
"1086","S2P7.C1","time",0.54823
"1087","S3P1.C1","time",0.59311
"1088","S3P3.C1","time",0.71752
"1089","S3P3.C1","Flux",0.0026
"1090","S3P5.C1","time",0.69971
"1091","S1P2.C2","time",-1.0977
"1092","S1P2.C2","Flux",0.00279
"1093","S1P4.C2","time",0.72416
"1094","S1P4.C2","Flux",0.02207
"1095","S1P6.C2","time",0.71612
"1096","S1P6.C2","Flux",0.01113
"1097","S2P8.C2","time",0.55537
"1098","S2P4.C2","time",0.67815
"1099","S2P6.C2","time",0.7413
"1100","S2P6.C2","Flux",-0.00392
"1101","S3P2.C2","time",0.69988
"1102","S3P4.C2","time",0.66813
"1103","S3P6.C2","time",0.7925
"1104","S3P6.C2","Flux",0.00908
"1105","S1P1.C1","time",0.68477
"1106","S1P3.C1","time",0.71596
"1107","S1P3.C1","Flux",-0.00165
"1108","S1P5.C1","time",-1.08365
"1109","S1P5.C1","Flux",0.00671
"1110","S2P1.C1","time",0.67797
"1111","S2P3.C1","time",0.75292
"1112","S2P3.C1","Flux",-0.01267
"1113","S2P7.C1","time",0.56962
"1114","S3P1.C1","time",0.62876
"1115","S3P3.C1","time",0.75313
"1116","S3P3.C1","Flux",-0.00399
"1117","S3P5.C1","time",0.73531
"1118","S3P5.C1","Flux",0.00315
"1119","S1P2.C2","time",-1.08346
"1120","S1P2.C2","Flux",-0.00672
"1121","S1P4.C2","time",0.75979
"1122","S1P4.C2","Flux",-0.00357
"1123","S1P6.C2","time",0.75174
"1124","S1P6.C2","Flux",0.01122
"1125","S2P8.C2","time",0.57676
"1126","S2P4.C2","time",0.7173
"1127","S2P4.C2","Flux",0.00261
"1128","S2P6.C2","time",0.77691
"1129","S2P6.C2","Flux",0.00347
"1130","S3P2.C2","time",0.7355
"1131","S3P2.C2","Flux",0.0071
"1132","S3P4.C2","time",0.70377
"1133","S3P6.C2","time",0.82811
"1134","S3P6.C2","Flux",0.00844
"1135","S1P1.C1","time",0.72396
"1136","S1P1.C1","Flux",-0.00482
"1137","S1P3.C1","time",0.75157
"1138","S1P3.C1","Flux",0.00426
"1139","S1P5.C1","time",-1.06941
"1140","S1P5.C1","Flux",-0.00457
"1141","S2P1.C1","time",0.71714
"1142","S2P1.C1","Flux",-0.000999
"1143","S2P3.C1","time",0.78853
"1144","S2P3.C1","Flux",0.00218
"1145","S2P7.C1","time",0.59098
"1146","S3P1.C1","time",0.66795
"1147","S3P3.C1","time",0.79229
"1148","S3P3.C1","Flux",0.01817
"1149","S3P5.C1","time",0.77448
"1150","S3P5.C1","Flux",0.00636
"1151","S1P2.C2","time",-1.0692
"1152","S1P2.C2","Flux",-0.01666
"1153","S1P4.C2","time",0.79897
"1154","S1P4.C2","Flux",-0.00371
"1155","S1P6.C2","time",0.79089
"1156","S1P6.C2","Flux",0.00335
"1157","S2P8.C2","time",0.59809
"1158","S2P4.C2","time",0.75297
"1159","S2P4.C2","Flux",4.68e-05
"1160","S2P6.C2","time",0.8281
"1161","S2P6.C2","Flux",0.01302
"1162","S3P2.C2","time",0.77468
"1163","S3P2.C2","Flux",-0.00154
"1164","S3P4.C2","time",0.74299
"1165","S3P4.C2","Flux",0.03175
"1166","S3P6.C2","time",0.86721
"1167","S3P6.C2","Flux",0.01323
"1168","S1P1.C1","time",0.75959
"1169","S1P1.C1","Flux",0.00825
"1170","S1P3.C1","time",0.79073
"1171","S1P3.C1","Flux",-0.01894
"1172","S1P5.C1","time",-1.05161
"1173","S1P5.C1","Flux",-0.00468
"1174","S2P1.C1","time",0.75279
"1175","S2P1.C1","Flux",-0.000632
"1176","S2P3.C1","time",0.83972
"1177","S2P3.C1","Flux",-0.00196
"1178","S2P7.C1","time",0.61587
"1179","S3P1.C1","time",0.7036
"1180","S3P3.C1","time",0.82791
"1181","S3P3.C1","Flux",-0.00423
"1182","S3P5.C1","time",0.81014
"1183","S3P5.C1","Flux",0.00014
"1184","S1P2.C2","time",-1.05141
"1185","S1P2.C2","Flux",-0.00535
"1186","S1P4.C2","time",0.83462
"1187","S1P4.C2","Flux",0.00898
"1188","S1P6.C2","time",0.82649
"1189","S1P6.C2","Flux",0.01646
"1190","S2P8.C2","time",0.62299
"1191","S2P4.C2","time",0.79212
"1192","S2P4.C2","Flux",-0.00124
"1193","S2P6.C2","time",0.86568
"1194","S2P6.C2","Flux",0.00309
"1195","S3P2.C2","time",0.81032
"1196","S3P2.C2","Flux",-0.000689
"1197","S3P4.C2","time",0.77863
"1198","S3P4.C2","Flux",0.03223
"1199","S3P6.C2","time",0.90284
"1200","S3P6.C2","Flux",-0.00469
"1201","S1P1.C1","time",0.79877
"1202","S1P1.C1","Flux",0.00425
"1203","S1P3.C1","time",0.82633
"1204","S1P3.C1","Flux",0.000182
"1205","S1P5.C1","time",-1.03736
"1206","S1P5.C1","Flux",0.00396
"1207","S2P1.C1","time",0.79194
"1208","S2P1.C1","Flux",0.00592
"1209","S2P3.C1","time",0.8773
"1210","S2P3.C1","Flux",-0.00349
"1211","S2P7.C1","time",0.63719
"1212","S3P1.C1","time",0.74282
"1213","S3P1.C1","Flux",0.01282
"1214","S3P3.C1","time",0.867
"1215","S3P3.C1","Flux",0.0024
"1216","S3P5.C1","time",0.84935
"1217","S3P5.C1","Flux",-0.00364
"1218","S1P2.C2","time",-1.03716
"1219","S1P2.C2","Flux",-0.00229
"1220","S1P4.C2","time",0.87376
"1221","S1P4.C2","Flux",0.00106
"1222","S1P6.C2","time",0.86565
"1223","S1P6.C2","Flux",0.0029
"1224","S2P8.C2","time",0.64431
"1225","S2P4.C2","time",0.82779
"1226","S2P4.C2","Flux",-0.00771
"1227","S2P6.C2","time",0.91491
"1228","S2P6.C2","Flux",0.01214
"1229","S3P2.C2","time",0.84953
"1230","S3P2.C2","Flux",-0.00206
"1231","S3P4.C2","time",0.81784
"1232","S3P4.C2","Flux",0.01559
"1233","S3P6.C2","time",0.94201
"1234","S3P6.C2","Flux",0.01703
"1235","S1P1.C1","time",0.83443
"1236","S1P1.C1","Flux",-0.00522
"1237","S1P3.C1","time",0.86547
"1238","S1P3.C1","Flux",0.00862
"1239","S1P5.C1","time",-1.02311
"1240","S1P5.C1","Flux",-0.0087
"1241","S2P1.C1","time",0.8276
"1242","S2P1.C1","Flux",0.0161
"1243","S2P3.C1","time",0.92653
"1244","S2P3.C1","Flux",-0.0017
"1245","S2P7.C1","time",0.65855
"1246","S3P1.C1","time",0.77847
"1247","S3P1.C1","Flux",-0.00672
"1248","S3P3.C1","time",0.90263
"1249","S3P3.C1","Flux",0.0027
"1250","S3P5.C1","time",0.88497
"1251","S3P5.C1","Flux",-0.00897
"1252","S1P2.C2","time",-1.02291
"1253","S1P2.C2","Flux",0.00106
"1254","S1P4.C2","time",0.90942
"1255","S1P4.C2","Flux",0.00377
"1256","S1P6.C2","time",0.90126
"1257","S1P6.C2","Flux",0.00506
"1258","S2P8.C2","time",0.66568
"1259","S2P4.C2","time",0.86696
"1260","S2P4.C2","Flux",0.000802
"1261","S2P6.C2","time",0.95056
"1262","S2P6.C2","Flux",0.000431
"1263","S3P2.C2","time",0.88516
"1264","S3P2.C2","Flux",0.00707
"1265","S3P4.C2","time",0.85351
"1266","S3P4.C2","Flux",0.03905
"1267","S3P6.C2","time",1.00041
"1268","S3P6.C2","Flux",0.01503
"1269","S1P1.C1","time",0.87356
"1270","S1P1.C1","Flux",-0.00388
"1271","S1P3.C1","time",0.90111
"1272","S1P3.C1","Flux",0.00126
"1273","S1P5.C1","time",-1.00883
"1274","S1P5.C1","Flux",-0.01551
"1275","S2P1.C1","time",0.86679
"1276","S2P1.C1","Flux",0.00877
"1277","S2P3.C1","time",0.96218
"1278","S2P3.C1","Flux",0.00189
"1279","S2P7.C1","time",0.67991
"1280","S3P1.C1","time",0.81766
"1281","S3P1.C1","Flux",0.02165
"1282","S3P3.C1","time",0.94181
"1283","S3P3.C1","Flux",0.01129
"1284","S3P5.C1","time",0.9242
"1285","S3P5.C1","Flux",-0.022
"1286","S1P2.C2","time",-0.99909
"1287","S1P2.C2","Flux",0.0096
"1288","S1P4.C2","time",0.94854
"1289","S1P4.C2","Flux",0.01255
"1290","S1P6.C2","time",0.94044
"1291","S1P6.C2","Flux",0.01406
"1292","S2P8.C2","time",0.68704
"1293","S2P4.C2","time",0.90262
"1294","S2P4.C2","Flux",0.00574
"1295","S2P6.C2","time",1.00938
"1296","S2P6.C2","Flux",0.00943
"1297","S3P2.C2","time",0.9244
"1298","S3P2.C2","Flux",0.00138
"1299","S3P4.C2","time",0.8927
"1300","S3P4.C2","Flux",0.02146
"1301","S3P6.C2","time",1.04316
"1302","S3P6.C2","Flux",0.01058
"1303","S1P1.C1","time",0.90922
"1304","S1P1.C1","Flux",-0.00452
"1305","S1P3.C1","time",0.94025
"1306","S1P3.C1","Flux",-0.00359
"1307","S1P5.C1","time",-0.99928
"1308","S1P5.C1","Flux",-0.00171
"1309","S2P1.C1","time",0.90243
"1310","S2P1.C1","Flux",-0.00407
"1311","S2P3.C1","time",1.00672
"1312","S2P3.C1","Flux",-0.01526
"1313","S2P7.C1","time",0.70483
"1314","S3P1.C1","time",0.85333
"1315","S3P1.C1","Flux",0.00758
"1316","S3P3.C1","time",0.98595
"1317","S3P3.C1","Flux",0.000785
"1318","S3P5.C1","time",0.95986
"1319","S3P5.C1","Flux",0.016
"1320","S1P2.C2","time",-0.98481
"1321","S1P2.C2","Flux",0.01152
"1322","S1P4.C2","time",1.02135
"1323","S1P4.C2","Flux",0.01083
"1324","S1P6.C2","time",1.02112
"1325","S1P6.C2","Flux",0.00745
"1326","S2P8.C2","time",0.71196
"1327","S2P8.C2","Flux",0.00422
"1328","S2P4.C2","time",0.94181
"1329","S2P4.C2","Flux",-0.00473
"1330","S2P6.C2","time",1.0522
"1331","S2P6.C2","Flux",0.006
"1332","S3P2.C2","time",0.96006
"1333","S3P2.C2","Flux",-0.00502
"1334","S3P4.C2","time",0.92836
"1335","S3P4.C2","Flux",-0.00223
"1336","S3P6.C2","time",1.08949
"1337","S3P6.C2","Flux",0.00516
"1338","S1P1.C1","time",0.94838
"1339","S1P1.C1","Flux",-0.01737
"1340","S1P3.C1","time",0.97589
"1341","S1P3.C1","Flux",0.00668
"1342","S1P5.C1","time",-0.98501
"1343","S1P5.C1","Flux",-0.01427
"1344","S2P1.C1","time",0.94162
"1345","S2P1.C1","Flux",0.00772
"1346","S2P3.C1","time",1.04954
"1347","S2P3.C1","Flux",-9e-04
"1348","S2P7.C1","time",0.72618
"1349","S2P7.C1","Flux",-0.01095
"1350","S3P1.C1","time",0.89252
"1351","S3P1.C1","Flux",0.00629
"1352","S3P3.C1","time",1.0287
"1353","S3P3.C1","Flux",0.00653
"1354","S3P5.C1","time",1.00684
"1355","S3P5.C1","Flux",-0.00113
"1356","S1P2.C2","time",-0.97057
"1357","S1P2.C2","Flux",-0.000611
"1358","S1P4.C2","time",1.06413
"1359","S1P4.C2","Flux",-0.01316
"1360","S1P6.C2","time",1.06388
"1361","S1P6.C2","Flux",0.00745
"1362","S2P8.C2","time",0.73332
"1363","S2P8.C2","Flux",-0.00909
"1364","S2P4.C2","time",1.02203
"1365","S2P4.C2","Flux",0.00242
"1366","S2P6.C2","time",1.09853
"1367","S2P6.C2","Flux",0.00021
"1368","S3P2.C2","time",1.02131
"1369","S3P2.C2","Flux",-0.00823
"1370","S3P4.C2","time",1.00166
"1371","S3P4.C2","Flux",0.02086
"1372","S3P6.C2","time",1.13229
"1373","S3P6.C2","Flux",0.00971
"1374","S1P1.C1","time",1.0069
"1375","S1P1.C1","Flux",0.01051
"1376","S1P3.C1","time",1.00672
"1377","S1P3.C1","Flux",0.00773
"1378","S1P5.C1","time",-0.97076
"1379","S1P5.C1","Flux",0.00604
"1380","S2P1.C1","time",0.97728
"1381","S2P1.C1","Flux",-0.00555
"1382","S2P3.C1","time",1.09588
"1383","S2P3.C1","Flux",-0.00783
"1384","S2P7.C1","time",0.74757
"1385","S2P7.C1","Flux",-0.00579
"1386","S3P1.C1","time",0.92818
"1387","S3P1.C1","Flux",0.00257
"1388","S3P3.C1","time",1.075
"1389","S3P3.C1","Flux",-0.000569
"1390","S3P5.C1","time",1.04965
"1391","S3P5.C1","Flux",-0.01412
"1392","S1P2.C2","time",-0.9563
"1393","S1P2.C2","Flux",-0.01277
"1394","S1P4.C2","time",1.11046
"1395","S1P4.C2","Flux",-0.01128
"1396","S1P6.C2","time",1.11016
"1397","S1P6.C2","Flux",0.01689
"1398","S2P8.C2","time",0.7547
"1399","S2P8.C2","Flux",0.0092
"1400","S2P4.C2","time",1.06484
"1401","S2P4.C2","Flux",0.0138
"1402","S2P6.C2","time",1.14133
"1403","S2P6.C2","Flux",-0.00059
"1404","S3P2.C2","time",1.06411
"1405","S3P2.C2","Flux",0.00765
"1406","S3P4.C2","time",1.05462
"1407","S3P4.C2","Flux",0.01796
"1408","S3P6.C2","time",1.17856
"1409","S3P6.C2","Flux",-0.0023
"1410","S1P1.C1","time",1.04969
"1411","S1P3.C1","time",1.04944
"1412","S1P3.C1","Flux",0.00972
"1413","S1P5.C1","time",-0.95649
"1414","S1P5.C1","Flux",-0.0131
"1415","S2P1.C1","time",1.00757
"1416","S2P1.C1","Flux",-0.0073
"1417","S2P3.C1","time",1.13868
"1418","S2P3.C1","Flux",-0.01087
"1419","S2P7.C1","time",0.76892
"1420","S2P7.C1","Flux",0.00283
"1421","S3P1.C1","time",0.98723
"1422","S3P1.C1","Flux",0.00618
"1423","S3P3.C1","time",1.1178
"1424","S3P3.C1","Flux",0.00934
"1425","S3P5.C1","time",1.09597
"1426","S3P5.C1","Flux",0.012
"1427","S1P2.C2","time",-0.94204
"1428","S1P2.C2","Flux",-0.04877
"1429","S1P4.C2","time",1.15325
"1430","S1P4.C2","Flux",-0.00695
"1431","S1P6.C2","time",1.15297
"1432","S1P6.C2","Flux",-0.00324
"1433","S2P8.C2","time",0.77605
"1434","S2P8.C2","Flux",0.01397
"1435","S2P4.C2","time",1.11119
"1436","S2P4.C2","Flux",0.00511
"1437","S2P6.C2","time",1.18765
"1438","S2P6.C2","Flux",0.01355
"1439","S3P2.C2","time",1.11045
"1440","S3P2.C2","Flux",-0.000696
"1441","S3P4.C2","time",1.0974
"1442","S3P4.C2","Flux",0.01058
"1443","S3P6.C2","time",1.22134
"1444","S3P6.C2","Flux",0.01091
"1445","S1P1.C1","time",1.09602
"1446","S1P1.C1","Flux",-0.00258
"1447","S1P3.C1","time",1.09572
"1448","S1P3.C1","Flux",0.00119
"1449","S1P5.C1","time",-0.94223
"1450","S1P5.C1","Flux",-0.00898
"1451","S2P1.C1","time",1.05038
"1452","S2P1.C1","Flux",-0.00888
"1453","S2P3.C1","time",1.185
"1454","S2P3.C1","Flux",0.0063
"1455","S2P7.C1","time",0.79382
"1456","S2P7.C1","Flux",0.00217
"1457","S3P1.C1","time",1.04019
"1458","S3P1.C1","Flux",-0.00252
"1459","S3P3.C1","time",1.16412
"1460","S3P3.C1","Flux",0.00977
"1461","S3P5.C1","time",1.13878
"1462","S3P5.C1","Flux",-0.00109
"1463","S1P2.C2","time",-0.89126
"1464","S1P2.C2","Flux",0.01231
"1465","S1P4.C2","time",1.19955
"1466","S1P4.C2","Flux",-0.00535
"1467","S1P6.C2","time",1.19931
"1468","S1P6.C2","Flux",0.01921
"1469","S2P8.C2","time",0.80095
"1470","S2P8.C2","Flux",0.01877
"1471","S2P4.C2","time",1.15398
"1472","S2P4.C2","Flux",0.000164
"1473","S2P6.C2","time",1.23044
"1474","S2P6.C2","Flux",-0.00648
"1475","S3P2.C2","time",1.15322
"1476","S3P2.C2","Flux",0.0084
"1477","S3P4.C2","time",1.14369
"1478","S3P4.C2","Flux",0.00534
"1479","S3P6.C2","time",1.26763
"1480","S3P6.C2","Flux",0.01452
"1481","S1P1.C1","time",1.13878
"1482","S1P3.C1","time",1.13851
"1483","S1P3.C1","Flux",0.01574
"1484","S1P5.C1","time",-0.92795
"1485","S1P5.C1","Flux",-0.00743
"1486","S2P1.C1","time",1.09672
"1487","S2P1.C1","Flux",-0.00221
"1488","S2P3.C1","time",1.2278
"1489","S2P3.C1","Flux",-0.000118
"1490","S2P7.C1","time",0.81517
"1491","S2P7.C1","Flux",0.00998
"1492","S3P1.C1","time",1.08296
"1493","S3P1.C1","Flux",-0.01196
"1494","S3P3.C1","time",1.20686
"1495","S3P3.C1","Flux",0.000353
"1496","S3P5.C1","time",1.18507
"1497","S3P5.C1","Flux",0.00541
"1498","S1P2.C2","time",-0.87701
"1499","S1P2.C2","Flux",-0.01059
"1500","S1P4.C2","time",1.24234
"1501","S1P4.C2","Flux",0.00142
"1502","S1P6.C2","time",1.24209
"1503","S1P6.C2","Flux",0.00672
"1504","S2P8.C2","time",0.8223
"1505","S2P8.C2","Flux",-0.00787
"1506","S2P4.C2","time",1.20032
"1507","S2P4.C2","Flux",0.02013
"1508","S2P6.C2","time",1.27672
"1509","S2P6.C2","Flux",-0.00454
"1510","S3P2.C2","time",1.1995
"1511","S3P2.C2","Flux",-0.01209
"1512","S3P4.C2","time",1.18647
"1513","S3P4.C2","Flux",-0.00911
"1514","S3P6.C2","time",1.31038
"1515","S3P6.C2","Flux",0.01354
"1516","S1P1.C1","time",1.18509
"1517","S1P1.C1","Flux",0.00674
"1518","S1P3.C1","time",1.18484
"1519","S1P3.C1","Flux",0.000388
"1520","S1P5.C1","time",-0.89146
"1521","S1P5.C1","Flux",-0.01862
"1522","S2P1.C1","time",1.13954
"1523","S2P1.C1","Flux",-0.00138
"1524","S2P3.C1","time",1.2741
"1525","S2P3.C1","Flux",-0.0107
"1526","S2P7.C1","time",0.83655
"1527","S2P7.C1","Flux",-0.00578
"1528","S3P1.C1","time",1.12927
"1529","S3P1.C1","Flux",-0.00276
"1530","S3P3.C1","time",1.25317
"1531","S3P3.C1","Flux",-0.00732
"1532","S3P5.C1","time",1.22782
"1533","S3P5.C1","Flux",0.00336
"1534","S1P2.C2","time",-0.86273
"1535","S1P2.C2","Flux",0.01164
"1536","S1P4.C2","time",1.28867
"1537","S1P4.C2","Flux",-0.01602
"1538","S1P6.C2","time",1.379
"1539","S1P6.C2","Flux",0.01052
"1540","S2P8.C2","time",0.84368
"1541","S2P8.C2","Flux",-0.00391
"1542","S2P4.C2","time",1.24311
"1543","S2P4.C2","Flux",-0.00972
"1544","S2P6.C2","time",1.34462
"1545","S2P6.C2","Flux",-0.01035
"1546","S3P2.C2","time",1.24228
"1547","S3P2.C2","Flux",-0.00581
"1548","S3P4.C2","time",1.23275
"1549","S3P4.C2","Flux",-0.00353
"1550","S3P6.C2","time",1.35662
"1551","S3P6.C2","Flux",0.00458
"1552","S1P1.C1","time",1.22788
"1553","S1P1.C1","Flux",-0.00242
"1554","S1P3.C1","time",1.22764
"1555","S1P3.C1","Flux",0.00318
"1556","S1P5.C1","time",-0.87721
"1557","S1P5.C1","Flux",-0.000222
"1558","S2P1.C1","time",1.18587
"1559","S2P1.C1","Flux",0.0021
"1560","S2P3.C1","time",1.31684
"1561","S2P3.C1","Flux",-0.00675
"1562","S2P7.C1","time",0.85791
"1563","S2P7.C1","Flux",0.000963
"1564","S3P1.C1","time",1.17205
"1565","S3P1.C1","Flux",-0.00326
"1566","S3P3.C1","time",1.29593
"1567","S3P3.C1","Flux",0.00279
"1568","S3P5.C1","time",1.27414
"1569","S3P5.C1","Flux",-0.00438
"1570","S1P2.C2","time",-0.84848
"1571","S1P2.C2","Flux",-0.00213
"1572","S1P4.C2","time",1.33145
"1573","S1P4.C2","Flux",-0.01288
"1574","S1P6.C2","time",1.41459
"1575","S1P6.C2","Flux",0.01048
"1576","S2P8.C2","time",0.86502
"1577","S2P8.C2","Flux",-0.00413
"1578","S2P4.C2","time",1.30921
"1579","S2P4.C2","Flux",-0.000903
"1580","S2P6.C2","time",1.38025
"1581","S2P6.C2","Flux",0.00671
"1582","S3P2.C2","time",1.2886
"1583","S3P2.C2","Flux",0.00549
"1584","S3P4.C2","time",1.27552
"1585","S3P4.C2","Flux",0.01731
"1586","S3P6.C2","time",1.39934
"1587","S3P6.C2","Flux",0.00376
"1588","S1P1.C1","time",1.2742
"1589","S1P1.C1","Flux",-0.01551
"1590","S1P3.C1","time",1.27396
"1591","S1P3.C1","Flux",-0.00751
"1592","S1P5.C1","time",-0.86294
"1593","S1P5.C1","Flux",0.00348
"1594","S2P1.C1","time",1.22866
"1595","S2P1.C1","Flux",-0.000439
"1596","S2P3.C1","time",1.35624
"1597","S2P3.C1","Flux",-0.01667
"1598","S2P7.C1","time",0.88278
"1599","S2P7.C1","Flux",0.01717
"1600","S3P1.C1","time",1.21833
"1601","S3P1.C1","Flux",0.02108
"1602","S3P3.C1","time",1.3422
"1603","S3P3.C1","Flux",0.00288
"1604","S3P5.C1","time",1.31694
"1605","S3P5.C1","Flux",-0.00379
"1606","S1P2.C2","time",-0.83419
"1607","S1P2.C2","Flux",0.00978
"1608","S1P4.C2","time",1.38308
"1609","S1P4.C2","Flux",-0.0278
"1610","S1P6.C2","time",1.45369
"1611","S1P6.C2","Flux",-0.01837
"1612","S2P8.C2","time",0.88991
"1613","S2P8.C2","Flux",0.00506
"1614","S2P4.C2","time",1.36419
"1615","S2P4.C2","Flux",0.00314
"1616","S2P6.C2","time",1.41949
"1617","S2P6.C2","Flux",-0.00516
"1618","S3P2.C2","time",1.35771
"1619","S3P2.C2","Flux",0.00335
"1620","S3P4.C2","time",1.33362
"1621","S3P4.C2","Flux",0.01299
"1622","S3P6.C2","time",1.44567
"1623","S3P6.C2","Flux",0.000717
"1624","S1P1.C1","time",1.317
"1625","S1P1.C1","Flux",0.01498
"1626","S1P3.C1","time",1.37884
"1627","S1P3.C1","Flux",-0.0044
"1628","S1P5.C1","time",-0.84869
"1629","S1P5.C1","Flux",0.000688
"1630","S2P1.C1","time",1.275
"1631","S2P1.C1","Flux",-0.00922
"1632","S2P3.C1","time",1.3919
"1633","S2P3.C1","Flux",0.01347
"1634","S2P7.C1","time",0.90413
"1635","S2P7.C1","Flux",-0.00481
"1636","S3P1.C1","time",1.2611
"1637","S3P1.C1","Flux",-0.00541
"1638","S3P3.C1","time",1.38488
"1639","S3P3.C1","Flux",-0.0021
"1640","S3P5.C1","time",1.35753
"1641","S3P5.C1","Flux",-0.000315
"1642","S1P2.C2","time",-0.81991
"1643","S1P2.C2","Flux",0.00314
"1644","S1P4.C2","time",1.41868
"1645","S1P4.C2","Flux",0.01544
"1646","S1P6.C2","time",1.48934
"1647","S1P6.C2","Flux",-0.00804
"1648","S2P8.C2","time",0.91127
"1649","S2P8.C2","Flux",-0.000771
"1650","S2P4.C2","time",1.39985
"1651","S2P4.C2","Flux",0.000789
"1652","S2P6.C2","time",1.45508
"1653","S2P6.C2","Flux",0.01066
"1654","S3P2.C2","time",1.39333
"1655","S3P2.C2","Flux",-0.0074
"1656","S3P4.C2","time",1.36922
"1657","S3P4.C2","Flux",0.00716
"1658","S3P6.C2","time",1.48845
"1659","S3P6.C2","Flux",-5.45e-05
"1660","S1P1.C1","time",1.38292
"1661","S1P1.C1","Flux",0.00484
"1662","S1P3.C1","time",1.41443
"1663","S1P3.C1","Flux",-0.00535
"1664","S1P5.C1","time",-0.8344
"1665","S1P5.C1","Flux",-0.00239
"1666","S2P1.C1","time",1.30904
"1667","S2P1.C1","Flux",-0.00709
"1668","S2P3.C1","time",1.43111
"1669","S2P3.C1","Flux",-0.00095
"1670","S2P7.C1","time",0.92551
"1671","S2P7.C1","Flux",-0.00134
"1672","S3P1.C1","time",1.30742
"1673","S3P1.C1","Flux",-0.000545
"1674","S3P3.C1","time",1.43122
"1675","S3P3.C1","Flux",0.0091
"1676","S3P5.C1","time",1.39316
"1677","S3P5.C1","Flux",-0.00976
"1678","S1P2.C2","time",-0.80208
"1679","S1P2.C2","Flux",-0.01264
"1680","S1P4.C2","time",1.4578
"1681","S1P4.C2","Flux",-0.00728
"1682","S1P6.C2","time",1.52854
"1683","S1P6.C2","Flux",-0.00692
"1684","S2P8.C2","time",0.93264
"1685","S2P8.C2","Flux",0.01693
"1686","S2P4.C2","time",1.43906
"1687","S2P4.C2","Flux",0.00895
"1688","S2P6.C2","time",1.49424
"1689","S2P6.C2","Flux",-0.00768
"1690","S3P2.C2","time",1.43242
"1691","S3P2.C2","Flux",0.003
"1692","S3P4.C2","time",1.42009
"1693","S3P4.C2","Flux",-0.00217
"1694","S3P6.C2","time",1.53472
"1695","S1P1.C1","time",1.4185
"1696","S1P1.C1","Flux",-0.000813
"1697","S1P3.C1","time",1.45353
"1698","S1P3.C1","Flux",-0.00511
"1699","S1P5.C1","time",-0.8201
"1700","S1P5.C1","Flux",-0.00489
"1701","S2P1.C1","time",1.36402
"1702","S2P1.C1","Flux",-0.00389
"1703","S2P3.C1","time",1.46671
"1704","S2P3.C1","Flux",-0.01056
"1705","S2P7.C1","time",0.94686
"1706","S2P7.C1","Flux",-0.00549
"1707","S3P1.C1","time",1.33347
"1708","S3P1.C1","Flux",0.00258
"1709","S3P3.C1","time",1.47396
"1710","S3P3.C1","Flux",-0.00809
"1711","S3P5.C1","time",1.43225
"1712","S3P5.C1","Flux",0.00203
"1713","S1P2.C2","time",-0.78781
"1714","S1P2.C2","Flux",-0.000841
"1715","S1P4.C2","time",1.49343
"1716","S1P4.C2","Flux",-0.00456
"1717","S1P6.C2","time",1.56419
"1718","S2P8.C2","time",0.95399
"1719","S2P8.C2","Flux",0.00696
"1720","S2P4.C2","time",1.47472
"1721","S2P4.C2","Flux",0.00352
"1722","S2P6.C2","time",1.52986
"1723","S3P2.C2","time",1.468
"1724","S3P2.C2","Flux",0.00114
"1725","S3P4.C2","time",1.45569
"1726","S3P4.C2","Flux",0.01247
"1727","S3P6.C2","time",1.57744
"1728","S1P1.C1","time",1.4576
"1729","S1P1.C1","Flux",-0.000827
"1730","S1P3.C1","time",1.48914
"1731","S1P3.C1","Flux",0.01888
"1732","S1P5.C1","time",-0.80229
"1733","S1P5.C1","Flux",-0.08853
"1734","S2P1.C1","time",1.39968
"1735","S2P1.C1","Flux",0.01146
"1736","S2P3.C1","time",1.50587
"1737","S2P3.C1","Flux",-0.00919
"1738","S2P7.C1","time",0.97179
"1739","S2P7.C1","Flux",-0.01064
"1740","S3P1.C1","time",1.36906
"1741","S3P1.C1","Flux",-0.00955
"1742","S3P3.C1","time",1.52027
"1743","S3P3.C1","Flux",4.12e-05
"1744","S3P5.C1","time",1.46782
"1745","S3P5.C1","Flux",-0.00403
"1746","S1P2.C2","time",-0.77356
"1747","S1P2.C2","Flux",-0.01808
"1748","S1P4.C2","time",1.53264
"1749","S1P4.C2","Flux",-0.01843
"1750","S1P6.C2","time",1.60333
"1751","S2P8.C2","time",0.97892
"1752","S2P8.C2","Flux",0.01225
"1753","S2P4.C2","time",1.5139
"1754","S2P4.C2","Flux",0.00401
"1755","S2P6.C2","time",1.56904
"1756","S3P2.C2","time",1.50716
"1757","S3P2.C2","Flux",0.000329
"1758","S3P4.C2","time",1.50694
"1759","S3P4.C2","Flux",0.00204
"1760","S3P6.C2","time",1.62366
"1761","S1P1.C1","time",1.49323
"1762","S1P1.C1","Flux",2e-04
"1763","S1P3.C1","time",1.52836
"1764","S1P3.C1","Flux",-0.000514
"1765","S1P5.C1","time",-0.78801
"1766","S1P5.C1","Flux",-0.00358
"1767","S2P1.C1","time",1.43889
"1768","S2P1.C1","Flux",2.21e-07
"1769","S2P3.C1","time",1.54148
"1770","S2P3.C1","Flux",-0.00157
"1771","S2P7.C1","time",0.99315
"1772","S2P7.C1","Flux",0.01195
"1773","S3P1.C1","time",1.41993
"1774","S3P1.C1","Flux",-0.00892
"1775","S3P3.C1","time",1.56302
"1776","S3P5.C1","time",1.50699
"1777","S3P5.C1","Flux",-0.00696
"1778","S1P2.C2","time",-0.75931
"1779","S1P2.C2","Flux",-0.00746
"1780","S1P4.C2","time",1.56832
"1781","S1P6.C2","time",1.63896
"1782","S2P8.C2","time",1.00028
"1783","S2P8.C2","Flux",0.00587
"1784","S2P4.C2","time",1.54956
"1785","S2P6.C2","time",1.60466
"1786","S3P2.C2","time",1.54281
"1787","S3P4.C2","time",1.54256
"1788","S3P6.C2","time",1.66639
"1789","S1P1.C1","time",1.53244
"1790","S1P1.C1","Flux",5.23e-05
"1791","S1P3.C1","time",1.564
"1792","S1P5.C1","time",-0.77376
"1793","S1P5.C1","Flux",-0.00807
"1794","S2P1.C1","time",1.47455
"1795","S2P1.C1","Flux",0.00639
"1796","S2P3.C1","time",1.58066
"1797","S2P7.C1","time",1.01453
"1798","S2P7.C1","Flux",0.000856
"1799","S3P1.C1","time",1.45553
"1800","S3P1.C1","Flux",0.000558
"1801","S3P3.C1","time",1.60925
"1802","S3P5.C1","time",1.54264
"1803","S3P5.C1","Flux",0.00153
"1804","S1P2.C2","time",-0.74502
"1805","S1P2.C2","Flux",0.00496
"1806","S1P4.C2","time",1.60757
"1807","S1P6.C2","time",1.67806
"1808","S2P8.C2","time",1.02166
"1809","S2P8.C2","Flux",-0.00537
"1810","S2P4.C2","time",1.58872
"1811","S2P6.C2","time",1.64381
"1812","S3P2.C2","time",1.58196
"1813","S3P4.C2","time",1.59373
"1814","S3P6.C2","time",1.71267
"1815","S3P6.C2","Flux",0.0096
"1816","S1P1.C1","time",1.56813
"1817","S1P3.C1","time",1.60315
"1818","S1P5.C1","time",-0.75949
"1819","S1P5.C1","Flux",0.00392
"1820","S2P1.C1","time",1.51373
"1821","S2P1.C1","Flux",-0.0053
"1822","S2P3.C1","time",1.61631
"1823","S2P7.C1","time",1.03588
"1824","S2P7.C1","Flux",0.00342
"1825","S3P1.C1","time",1.50678
"1826","S3P1.C1","Flux",0.01285
"1827","S3P3.C1","time",1.65194
"1828","S3P5.C1","time",1.58177
"1829","S1P2.C2","time",-0.73075
"1830","S1P2.C2","Flux",-0.01448
"1831","S1P4.C2","time",1.64316
"1832","S1P6.C2","time",1.71366
"1833","S1P6.C2","Flux",-0.015
"1834","S2P8.C2","time",1.04301
"1835","S2P8.C2","Flux",-0.000475
"1836","S2P4.C2","time",1.62437
"1837","S2P6.C2","time",1.6794
"1838","S3P2.C2","time",1.61762
"1839","S3P4.C2","time",1.62934
"1840","S3P6.C2","time",1.75541
"1841","S3P6.C2","Flux",-0.01296
"1842","S1P1.C1","time",1.60741
"1843","S1P3.C1","time",1.6388
"1844","S1P5.C1","time",-0.74522
"1845","S1P5.C1","Flux",0.0128
"1846","S2P1.C1","time",1.54939
"1847","S2P3.C1","time",1.65544
"1848","S2P7.C1","time",1.06082
"1849","S2P7.C1","Flux",0.00562
"1850","S3P1.C1","time",1.54238
"1851","S3P1.C1","Flux",-0.00719
"1852","S3P3.C1","time",1.69822
"1853","S3P3.C1","Flux",-0.00707
"1854","S3P5.C1","time",1.61743
"1855","S1P2.C2","time",-0.71293
"1856","S1P2.C2","Flux",-0.00774
"1857","S1P4.C2","time",1.6824
"1858","S1P6.C2","time",1.75278
"1859","S1P6.C2","Flux",-0.00867
"1860","S2P8.C2","time",1.06796
"1861","S2P8.C2","Flux",0.01226
"1862","S2P4.C2","time",1.66355
"1863","S2P6.C2","time",1.71858
"1864","S2P6.C2","Flux",0.00366
"1865","S3P2.C2","time",1.65676
"1866","S3P4.C2","time",1.68057
"1867","S3P6.C2","time",1.80166
"1868","S3P6.C2","Flux",0.0027
"1869","S1P1.C1","time",1.64296
"1870","S1P3.C1","time",1.67789
"1871","S1P5.C1","time",-0.73095
"1872","S1P5.C1","Flux",-0.00438
"1873","S2P1.C1","time",1.58854
"1874","S2P3.C1","time",1.69103
"1875","S2P7.C1","time",1.08219
"1876","S2P7.C1","Flux",-0.00157
"1877","S3P1.C1","time",1.59356
"1878","S3P3.C1","time",1.74096
"1879","S3P3.C1","Flux",-0.00431
"1880","S3P5.C1","time",1.65657
"1881","S1P2.C2","time",-0.69867
"1882","S1P2.C2","Flux",9.86e-05
"1883","S1P4.C2","time",1.71804
"1884","S1P4.C2","Flux",0.00557
"1885","S1P6.C2","time",1.7884
"1886","S1P6.C2","Flux",0.00401
"1887","S2P8.C2","time",1.08932
"1888","S2P8.C2","Flux",0.02192
"1889","S2P4.C2","time",1.69921
"1890","S2P6.C2","time",1.75419
"1891","S2P6.C2","Flux",-0.000343
"1892","S3P2.C2","time",1.69242
"1893","S3P4.C2","time",1.71619
"1894","S3P4.C2","Flux",-0.000756
"1895","S3P6.C2","time",1.84438
"1896","S3P6.C2","Flux",-0.00281
"1897","S1P1.C1","time",1.6822
"1898","S1P3.C1","time",1.71348
"1899","S1P3.C1","Flux",0.01322
"1900","S1P5.C1","time",-0.71312
"1901","S1P5.C1","Flux",0.08283
"1902","S2P1.C1","time",1.6242
"1903","S2P3.C1","time",1.7302
"1904","S2P3.C1","Flux",-0.01505
"1905","S2P7.C1","time",1.10358
"1906","S2P7.C1","Flux",0.00108
"1907","S3P1.C1","time",1.62918
"1908","S3P3.C1","time",1.78721
"1909","S3P3.C1","Flux",-4.9e-05
"1910","S3P5.C1","time",1.69222
"1911","S1P2.C2","time",-0.68439
"1912","S1P2.C2","Flux",0.0023
"1913","S1P4.C2","time",1.75726
"1914","S1P4.C2","Flux",0.01663
"1915","S1P6.C2","time",1.82757
"1916","S1P6.C2","Flux",0.00681
"1917","S2P8.C2","time",1.11071
"1918","S2P8.C2","Flux",-0.01067
"1919","S2P4.C2","time",1.73838
"1920","S2P4.C2","Flux",-0.0056
"1921","S2P6.C2","time",1.79334
"1922","S2P6.C2","Flux",-1.7e-05
"1923","S3P2.C2","time",1.73159
"1924","S3P2.C2","Flux",0.01172
"1925","S3P4.C2","time",1.76736
"1926","S3P4.C2","Flux",-0.000837
"1927","S3P6.C2","time",1.89063
"1928","S3P6.C2","Flux",0.00285
"1929","S1P1.C1","time",1.71785
"1930","S1P1.C1","Flux",0.01542
"1931","S1P3.C1","time",1.75262
"1932","S1P3.C1","Flux",0.000446
"1933","S1P5.C1","time",-0.69888
"1934","S1P5.C1","Flux",0.01559
"1935","S2P1.C1","time",1.66338
"1936","S2P3.C1","time",1.76581
"1937","S2P3.C1","Flux",-0.00816
"1938","S2P7.C1","time",1.12493
"1939","S2P7.C1","Flux",0.014
"1940","S3P1.C1","time",1.68041
"1941","S3P3.C1","time",1.82994
"1942","S3P3.C1","Flux",-0.00884
"1943","S3P5.C1","time",1.73138
"1944","S3P5.C1","Flux",-0.000665
"1945","S1P2.C2","time",-0.6701
"1946","S1P2.C2","Flux",-0.00934
"1947","S1P4.C2","time",1.79291
"1948","S1P4.C2","Flux",0.00494
"1949","S1P6.C2","time",1.86315
"1950","S1P6.C2","Flux",-0.000397
"1951","S2P8.C2","time",1.13206
"1952","S2P8.C2","Flux",-0.01859
"1953","S2P4.C2","time",1.77404
"1954","S2P4.C2","Flux",-0.00527
"1955","S2P6.C2","time",1.82895
"1956","S2P6.C2","Flux",0.01229
"1957","S3P2.C2","time",1.76723
"1958","S3P2.C2","Flux",0.00408
"1959","S3P4.C2","time",1.80319
"1960","S3P4.C2","Flux",0.00704
"1961","S3P6.C2","time",1.93334
"1962","S3P6.C2","Flux",-0.0027
"1963","S1P1.C1","time",1.75706
"1964","S1P1.C1","Flux",0.00516
"1965","S1P3.C1","time",1.78823
"1966","S1P3.C1","Flux",0.00449
"1967","S1P5.C1","time",-0.68461
"1968","S1P5.C1","Flux",-0.0074
"1969","S2P1.C1","time",1.69904
"1970","S2P3.C1","time",1.80497
"1971","S2P3.C1","Flux",-0.01253
"1972","S2P7.C1","time",1.14985
"1973","S2P7.C1","Flux",0.00146
"1974","S3P1.C1","time",1.71602
"1975","S3P1.C1","Flux",0.000537
"1976","S3P3.C1","time",1.87617
"1977","S3P3.C1","Flux",0.01447
"1978","S3P5.C1","time",1.76704
"1979","S3P5.C1","Flux",-0.00866
"1980","S1P2.C2","time",-0.65588
"1981","S1P2.C2","Flux",-0.00173
"1982","S1P4.C2","time",1.83211
"1983","S1P4.C2","Flux",-0.01059
"1984","S1P6.C2","time",1.90225
"1985","S1P6.C2","Flux",0.00614
"1986","S2P8.C2","time",1.15698
"1987","S2P8.C2","Flux",-0.00999
"1988","S2P4.C2","time",1.81322
"1989","S2P4.C2","Flux",0.00296
"1990","S2P6.C2","time",1.86811
"1991","S2P6.C2","Flux",0.00992
"1992","S3P2.C2","time",1.80638
"1993","S3P2.C2","Flux",0.00251
"1994","S3P4.C2","time",1.85612
"1995","S3P4.C2","Flux",0.00154
"1996","S3P6.C2","time",1.97963
"1997","S3P6.C2","Flux",0.01232
"1998","S1P1.C1","time",1.79271
"1999","S1P1.C1","Flux",0.01448
"2000","S1P3.C1","time",1.8274
"2001","S1P3.C1","Flux",0.00175
"2002","S1P5.C1","time",-0.6703
"2003","S1P5.C1","Flux",-0.01045
"2004","S2P1.C1","time",1.73821
"2005","S2P1.C1","Flux",0.00431
"2006","S2P3.C1","time",1.84057
"2007","S2P3.C1","Flux",-0.00655
"2008","S2P7.C1","time",1.1691
"2009","S2P7.C1","Flux",-0.00897
"2010","S3P1.C1","time",1.7672
"2011","S3P1.C1","Flux",-0.00362
"2012","S3P3.C1","time",1.9189
"2013","S3P3.C1","Flux",0.00883
"2014","S3P5.C1","time",1.80619
"2015","S3P5.C1","Flux",0.00266
"2016","S1P2.C2","time",-0.64166
"2017","S1P2.C2","Flux",-0.00695
"2018","S1P4.C2","time",1.86778
"2019","S1P4.C2","Flux",-0.00185
"2020","S1P6.C2","time",1.93792
"2021","S1P6.C2","Flux",-0.00753
"2022","S2P8.C2","time",1.17623
"2023","S2P8.C2","Flux",0.00611
"2024","S2P4.C2","time",1.84884
"2025","S2P4.C2","Flux",-0.00523
"2026","S2P6.C2","time",1.90374
"2027","S2P6.C2","Flux",0.00203
"2028","S3P2.C2","time",1.84204
"2029","S3P2.C2","Flux",0.00436
"2030","S3P4.C2","time",1.89184
"2031","S3P4.C2","Flux",-0.00128
"2032","S3P6.C2","time",2.02236
"2033","S3P6.C2","Flux",0.00112
"2034","S1P1.C1","time",1.83191
"2035","S1P1.C1","Flux",0.01079
"2036","S1P3.C1","time",1.863
"2037","S1P3.C1","Flux",0.00824
"2038","S1P5.C1","time",-0.65606
"2039","S1P5.C1","Flux",0.00319
"2040","S2P1.C1","time",1.77385
"2041","S2P1.C1","Flux",0.00276
"2042","S2P3.C1","time",1.87972
"2043","S2P3.C1","Flux",-0.000259
"2044","S2P7.C1","time",1.19045
"2045","S2P7.C1","Flux",-0.00158
"2046","S3P1.C1","time",1.80303
"2047","S3P1.C1","Flux",0.000241
"2048","S3P3.C1","time",1.96519
"2049","S3P3.C1","Flux",0.0122
"2050","S3P5.C1","time",1.84185
"2051","S3P5.C1","Flux",0.0073
"2052","S1P2.C2","time",-0.62392
"2053","S1P2.C2","Flux",0.00706
"2054","S1P4.C2","time",1.90696
"2055","S1P4.C2","Flux",-0.000839
"2056","S2P8.C2","time",1.19758
"2057","S2P8.C2","Flux",-0.00774
"2058","S2P4.C2","time",1.88801
"2059","S2P4.C2","Flux",0.00166
"2060","S2P6.C2","time",1.94289
"2061","S2P6.C2","Flux",0.00118
"2062","S3P2.C2","time",1.88122
"2063","S3P2.C2","Flux",0.00258
"2064","S3P4.C2","time",1.94097
"2065","S3P4.C2","Flux",-0.00263
"2066","S3P6.C2","time",2.06867
"2067","S3P6.C2","Flux",0.01497
"2068","S1P1.C1","time",1.86758
"2069","S1P1.C1","Flux",0.00788
"2070","S1P3.C1","time",1.90208
"2071","S1P3.C1","Flux",-0.00176
"2072","S1P5.C1","time",-0.64183
"2073","S1P5.C1","Flux",0.00307
"2074","S2P1.C1","time",1.81303
"2075","S2P1.C1","Flux",0.00276
"2076","S2P3.C1","time",1.91535
"2077","S2P3.C1","Flux",0.000653
"2078","S2P7.C1","time",1.21184
"2079","S2P7.C1","Flux",-0.00252
"2080","S3P1.C1","time",1.85595
"2081","S3P1.C1","Flux",0.0029
"2082","S3P3.C1","time",2.00792
"2083","S3P3.C1","Flux",-0.00581
"2084","S3P5.C1","time",1.88102
"2085","S3P5.C1","Flux",0.00423
"2086","S1P2.C2","time",-0.60971
"2087","S1P2.C2","Flux",0.00559
"2088","S1P4.C2","time",1.9426
"2089","S1P4.C2","Flux",-0.00482
"2090","S2P8.C2","time",1.21897
"2091","S2P8.C2","Flux",-0.000723
"2092","S2P4.C2","time",1.92365
"2093","S2P4.C2","Flux",0.01285
"2094","S3P2.C2","time",1.9169
"2095","S3P2.C2","Flux",0.00218
"2096","S3P6.C2","time",2.11141
"2097","S3P6.C2","Flux",-0.00244
"2098","S1P1.C1","time",1.90677
"2099","S1P1.C1","Flux",0.000789
"2100","S1P3.C1","time",1.93772
"2101","S1P3.C1","Flux",-0.00583
"2102","S1P5.C1","time",-0.62409
"2103","S1P5.C1","Flux",-0.00692
"2104","S2P1.C1","time",1.84867
"2105","S2P1.C1","Flux",-0.01922
"2106","S2P3.C1","time",1.95451
"2107","S2P3.C1","Flux",-0.00165
"2108","S2P7.C1","time",1.23319
"2109","S2P7.C1","Flux",-0.00726
"2110","S3P1.C1","time",1.89168
"2111","S3P1.C1","Flux",-0.00482
"2112","S3P3.C1","time",2.05422
"2113","S3P3.C1","Flux",-0.0017
"2114","S3P5.C1","time",1.91668
"2115","S3P5.C1","Flux",-0.00185
"2116","S1P2.C2","time",-0.5955
"2117","S1P2.C2","Flux",0.00365
"2118","S2P8.C2","time",1.24032
"2119","S2P8.C2","Flux",0.00272
"2120","S2P4.C2","time",1.96277
"2121","S2P4.C2","Flux",-0.00267
"2122","S3P2.C2","time",1.95606
"2123","S3P2.C2","Flux",0.00116
"2124","S3P6.C2","time",2.17693
"2125","S3P6.C2","Flux",-0.00172
"2126","S1P1.C1","time",1.94243
"2127","S1P1.C1","Flux",0.01034
"2128","S1P3.C1","time",1.97691
"2129","S1P3.C1","Flux",0.00769
"2130","S1P5.C1","time",-0.60988
"2131","S1P5.C1","Flux",-0.000489
"2132","S2P1.C1","time",1.88784
"2133","S2P1.C1","Flux",0.00257
"2134","S2P7.C1","time",1.2581
"2135","S2P7.C1","Flux",-0.00271
"2136","S3P1.C1","time",1.94081
"2137","S3P1.C1","Flux",0.00126
"2138","S3P3.C1","time",2.09697
"2139","S3P3.C1","Flux",0.01048
"2140","S3P5.C1","time",1.95587
"2141","S3P5.C1","Flux",0.00447
"2142","S1P2.C2","time",-0.58131
"2143","S1P2.C2","Flux",0.00129
"2144","S2P8.C2","time",1.26524
"2145","S2P8.C2","Flux",-0.01045
"2146","S3P6.C2","time",2.21968
"2147","S3P6.C2","Flux",0.01281
"2148","S1P3.C1","time",4.0574
"2149","S1P3.C1","Flux",0.00861
"2150","S1P5.C1","time",-0.59567
"2151","S1P5.C1","Flux",-0.00345
"2152","S2P1.C1","time",1.92347
"2153","S2P1.C1","Flux",-0.00316
"2154","S2P7.C1","time",1.27944
"2155","S2P7.C1","Flux",0.002
"2156","S3P1.C1","time",1.97646
"2157","S3P1.C1","Flux",-0.00723
"2158","S3P3.C1","time",2.16249
"2159","S3P3.C1","Flux",-0.00516
"2160","S1P2.C2","time",-0.56709
"2161","S1P2.C2","Flux",-0.002
"2162","S2P8.C2","time",1.28657
"2163","S2P8.C2","Flux",0.01021
"2164","S3P6.C2","time",2.26593
"2165","S3P6.C2","Flux",-0.00387
"2166","S1P3.C1","time",4.07171
"2167","S1P3.C1","Flux",0.00612
"2168","S1P5.C1","time",-0.58146
"2169","S1P5.C1","Flux",0.00299
"2170","S2P1.C1","time",1.96259
"2171","S2P1.C1","Flux",-0.01437
"2172","S2P7.C1","time",1.30082
"2173","S2P7.C1","Flux",0.01498
"2174","S3P3.C1","time",2.20523
"2175","S3P3.C1","Flux",-0.00737
"2176","S1P2.C2","time",-0.55289
"2177","S1P2.C2","Flux",0.00105
"2178","S2P8.C2","time",1.30795
"2179","S2P8.C2","Flux",0.00523
"2180","S3P6.C2","time",2.30863
"2181","S3P6.C2","Flux",0.00903
"2182","S1P3.C1","time",4.08598
"2183","S1P3.C1","Flux",9.92e-05
"2184","S1P5.C1","time",-0.56726
"2185","S1P5.C1","Flux",0.00181
"2186","S2P1.C1","time",9.36006
"2187","S2P1.C1","Flux",-0.01381
"2188","S2P7.C1","time",1.32218
"2189","S2P7.C1","Flux",-0.00752
"2190","S3P3.C1","time",2.2515
"2191","S3P3.C1","Flux",0.02158
"2192","S1P2.C2","time",-0.53514
"2193","S1P2.C2","Flux",0.00561
"2194","S2P8.C2","time",1.32928
"2195","S2P8.C2","Flux",0.00229
"2196","S3P6.C2","time",2.35485
"2197","S3P6.C2","Flux",0.00458
"2198","S1P3.C1","time",4.10027
"2199","S1P3.C1","Flux",0.000245
"2200","S1P5.C1","time",-0.55306
"2201","S1P5.C1","Flux",-0.000229
"2202","S2P1.C1","time",9.45264
"2203","S2P1.C1","Flux",0.00939
"2204","S2P7.C1","time",1.34705
"2205","S2P7.C1","Flux",-0.00393
"2206","S3P3.C1","time",2.29421
"2207","S3P3.C1","Flux",-0.000423
"2208","S1P2.C2","time",-0.52093
"2209","S1P2.C2","Flux",0.00131
"2210","S2P8.C2","time",1.35416
"2211","S2P8.C2","Flux",-0.000399
"2212","S3P6.C2","time",2.39752
"2213","S3P6.C2","Flux",-0.000229
"2214","S1P3.C1","time",4.11455
"2215","S1P3.C1","Flux",-0.00446
"2216","S1P5.C1","time",-0.53531
"2217","S1P5.C1","Flux",-0.00743
"2218","S2P1.C1","time",9.54519
"2219","S2P7.C1","time",1.36839
"2220","S2P7.C1","Flux",0.01186
"2221","S3P3.C1","time",2.34043
"2222","S3P3.C1","Flux",0.00429
"2223","S1P2.C2","time",-0.50672
"2224","S1P2.C2","Flux",0.00458
"2225","S2P8.C2","time",1.3755
"2226","S2P8.C2","Flux",-0.00955
"2227","S3P6.C2","time",2.4438
"2228","S3P6.C2","Flux",0.00151
"2229","S1P3.C1","time",4.12883
"2230","S1P3.C1","Flux",0.01128
"2231","S1P5.C1","time",-0.52109
"2232","S1P5.C1","Flux",0.01839
"2233","S2P1.C1","time",9.63778
"2234","S2P7.C1","time",1.38975
"2235","S2P7.C1","Flux",-0.000977
"2236","S3P3.C1","time",2.38311
"2237","S3P3.C1","Flux",-0.00658
"2238","S1P2.C2","time",-0.49245
"2239","S1P2.C2","Flux",-0.0037
"2240","S2P8.C2","time",1.39685
"2241","S2P8.C2","Flux",0.000412
"2242","S3P6.C2","time",2.48657
"2243","S3P6.C2","Flux",-0.00169
"2244","S1P3.C1","time",4.14313
"2245","S1P3.C1","Flux",0.00905
"2246","S1P5.C1","time",-0.50689
"2247","S1P5.C1","Flux",0.01204
"2248","S2P1.C1","time",9.73039
"2249","S2P1.C1","Flux",-0.00192
"2250","S2P7.C1","time",1.41106
"2251","S2P7.C1","Flux",-0.0087
"2252","S3P3.C1","time",2.42932
"2253","S3P3.C1","Flux",-0.00591
"2254","S1P2.C2","time",-0.47819
"2255","S1P2.C2","Flux",0.0032
"2256","S2P8.C2","time",1.41817
"2257","S2P8.C2","Flux",-0.0032
"2258","S3P6.C2","time",2.53287
"2259","S1P3.C1","time",4.15745
"2260","S1P3.C1","Flux",-0.00674
"2261","S1P5.C1","time",-0.49266
"2262","S1P5.C1","Flux",0.00302
"2263","S2P1.C1","time",9.82293
"2264","S2P1.C1","Flux",0.00236
"2265","S2P7.C1","time",1.43595
"2266","S2P7.C1","Flux",0.00261
"2267","S3P3.C1","time",2.47209
"2268","S3P3.C1","Flux",0.00281
"2269","S1P2.C2","time",-0.46398
"2270","S1P2.C2","Flux",0.01036
"2271","S2P8.C2","time",1.44306
"2272","S2P8.C2","Flux",0.000711
"2273","S3P6.C2","time",2.5756
"2274","S1P3.C1","time",4.17178
"2275","S1P3.C1","Flux",0.00982
"2276","S1P5.C1","time",-0.47837
"2277","S1P5.C1","Flux",0.000302
"2278","S2P1.C1","time",9.9155
"2279","S2P1.C1","Flux",-0.01232
"2280","S2P7.C1","time",1.45728
"2281","S2P7.C1","Flux",-0.000472
"2282","S3P3.C1","time",2.51843
"2283","S3P3.C1","Flux",-0.00147
"2284","S1P2.C2","time",-0.44625
"2285","S2P8.C2","time",1.46441
"2286","S2P8.C2","Flux",-0.00482
"2287","S3P6.C2","time",2.62189
"2288","S1P5.C1","time",-0.46416
"2289","S1P5.C1","Flux",0.00295
"2290","S2P1.C1","time",10.05635
"2291","S2P1.C1","Flux",-0.00337
"2292","S2P7.C1","time",1.4787
"2293","S2P7.C1","Flux",0.00135
"2294","S3P3.C1","time",2.56116
"2295","S1P2.C2","time",-0.43201
"2296","S2P8.C2","time",1.48583
"2297","S2P8.C2","Flux",0.00744
"2298","S3P6.C2","time",2.66463
"2299","S1P5.C1","time",-0.44641
"2300","S2P1.C1","time",10.15161
"2301","S2P1.C1","Flux",0.000687
"2302","S2P7.C1","time",1.50006
"2303","S2P7.C1","Flux",-0.0013
"2304","S3P3.C1","time",2.60743
"2305","S1P2.C2","time",-0.41777
"2306","S2P8.C2","time",1.50719
"2307","S2P8.C2","Flux",-0.00383
"2308","S3P6.C2","time",2.71088
"2309","S3P6.C2","Flux",0.00532
"2310","S1P5.C1","time",-0.43221
"2311","S2P1.C1","time",10.24424
"2312","S2P1.C1","Flux",0.00278
"2313","S2P7.C1","time",1.525
"2314","S2P7.C1","Flux",-0.00252
"2315","S3P3.C1","time",2.65017
"2316","S1P2.C2","time",-0.40352
"2317","S2P8.C2","time",1.53213
"2318","S2P8.C2","Flux",0.01471
"2319","S3P6.C2","time",2.75362
"2320","S3P6.C2","Flux",0.00572
"2321","S1P5.C1","time",-0.41797
"2322","S2P1.C1","time",10.33694
"2323","S2P1.C1","Flux",-0.00144
"2324","S2P7.C1","time",1.54639
"2325","S3P3.C1","time",2.69646
"2326","S3P3.C1","Flux",0.0178
"2327","S1P2.C2","time",-0.38924
"2328","S2P8.C2","time",1.55352
"2329","S3P6.C2","time",2.79988
"2330","S3P6.C2","Flux",0.00429
"2331","S1P5.C1","time",-0.4037
"2332","S2P1.C1","time",10.42949
"2333","S2P1.C1","Flux",-0.00554
"2334","S2P7.C1","time",1.56777
"2335","S3P3.C1","time",2.73918
"2336","S3P3.C1","Flux",0.00363
"2337","S1P2.C2","time",-0.37498
"2338","S2P8.C2","time",1.5749
"2339","S3P6.C2","time",2.84262
"2340","S3P6.C2","Flux",-0.01672
"2341","S1P5.C1","time",-0.38943
"2342","S2P1.C1","time",10.52207
"2343","S2P1.C1","Flux",-0.00543
"2344","S2P7.C1","time",1.58912
"2345","S3P3.C1","time",2.78544
"2346","S3P3.C1","Flux",0.00835
"2347","S1P2.C2","time",-0.35715
"2348","S2P8.C2","time",1.59625
"2349","S3P6.C2","time",2.88892
"2350","S3P6.C2","Flux",-0.01248
"2351","S1P5.C1","time",-0.37517
"2352","S2P1.C1","time",10.61469
"2353","S2P1.C1","Flux",0.0061
"2354","S2P7.C1","time",1.61403
"2355","S3P3.C1","time",2.82817
"2356","S3P3.C1","Flux",0.000112
"2357","S1P2.C2","time",-0.34292
"2358","S2P8.C2","time",1.62116
"2359","S3P6.C2","time",2.93168
"2360","S3P6.C2","Flux",-0.00115
"2361","S1P5.C1","time",-0.35735
"2362","S2P1.C1","time",10.70714
"2363","S2P1.C1","Flux",-0.00735
"2364","S2P7.C1","time",1.63539
"2365","S3P3.C1","time",2.87447
"2366","S3P3.C1","Flux",0.000487
"2367","S1P2.C2","time",-0.32868
"2368","S2P8.C2","time",1.64252
"2369","S3P6.C2","time",2.97787
"2370","S3P6.C2","Flux",0.00291
"2371","S1P5.C1","time",-0.3431
"2372","S2P1.C1","time",10.79971
"2373","S2P1.C1","Flux",-0.01681
"2374","S2P7.C1","time",1.65678
"2375","S3P3.C1","time",2.91723
"2376","S3P3.C1","Flux",0.00784
"2377","S1P2.C2","time",-0.3144
"2378","S2P8.C2","time",1.66391
"2379","S1P5.C1","time",-0.32887
"2380","S2P1.C1","time",10.89231
"2381","S2P1.C1","Flux",0.01126
"2382","S2P7.C1","time",1.67813
"2383","S3P3.C1","time",2.96352
"2384","S3P3.C1","Flux",-0.00446
"2385","S1P2.C2","time",-0.30012
"2386","S2P8.C2","time",1.68525
"2387","S1P5.C1","time",-0.31459
"2388","S2P1.C1","time",10.98493
"2389","S2P1.C1","Flux",0.00337
"2390","S2P7.C1","time",1.70308
"2391","S1P2.C2","time",-0.28588
"2392","S1P2.C2","Flux",0.00182
"2393","S2P8.C2","time",1.71021
"2394","S1P5.C1","time",-0.30031
"2395","S2P1.C1","time",11.07749
"2396","S2P1.C1","Flux",-0.00356
"2397","S2P7.C1","time",1.7244
"2398","S2P7.C1","Flux",-0.00729
"2399","S1P2.C2","time",-0.2681
"2400","S1P2.C2","Flux",0.00167
"2401","S2P8.C2","time",1.73153
"2402","S2P8.C2","Flux",0.01336
"2403","S1P5.C1","time",-0.28608
"2404","S1P5.C1","Flux",0.00799
"2405","S2P1.C1","time",11.17012
"2406","S2P1.C1","Flux",-0.0085
"2407","S2P7.C1","time",1.74578
"2408","S2P7.C1","Flux",0.00328
"2409","S1P2.C2","time",-0.25382
"2410","S1P2.C2","Flux",0.00278
"2411","S2P8.C2","time",1.75291
"2412","S2P8.C2","Flux",0.00443
"2413","S1P5.C1","time",-0.26829
"2414","S1P5.C1","Flux",-0.01029
"2415","S2P1.C1","time",11.26273
"2416","S2P1.C1","Flux",-0.00915
"2417","S2P7.C1","time",1.76714
"2418","S2P7.C1","Flux",-0.00906
"2419","S1P2.C2","time",-0.23958
"2420","S1P2.C2","Flux",-0.01034
"2421","S2P8.C2","time",1.77427
"2422","S2P8.C2","Flux",-0.01049
"2423","S1P5.C1","time",-0.25402
"2424","S1P5.C1","Flux",-0.00503
"2425","S2P1.C1","time",11.37456
"2426","S2P1.C1","Flux",0.00748
"2427","S2P7.C1","time",1.79205
"2428","S2P7.C1","Flux",-0.003
"2429","S1P2.C2","time",-0.22535
"2430","S1P2.C2","Flux",0.00382
"2431","S2P8.C2","time",1.79918
"2432","S2P8.C2","Flux",-0.00162
"2433","S1P5.C1","time",-0.23978
"2434","S1P5.C1","Flux",-0.01029
"2435","S2P1.C1","time",11.46711
"2436","S2P1.C1","Flux",0.02277
"2437","S2P7.C1","time",1.8134
"2438","S2P7.C1","Flux",-0.000632
"2439","S1P2.C2","time",-0.21111
"2440","S1P2.C2","Flux",0.00647
"2441","S2P8.C2","time",1.82053
"2442","S2P8.C2","Flux",0.01301
"2443","S1P5.C1","time",-0.22554
"2444","S1P5.C1","Flux",-0.000891
"2445","S2P1.C1","time",11.55962
"2446","S2P1.C1","Flux",0.000531
"2447","S2P7.C1","time",1.83478
"2448","S2P7.C1","Flux",0.00617
"2449","S1P2.C2","time",-0.19688
"2450","S1P2.C2","Flux",-0.00721
"2451","S2P8.C2","time",1.84191
"2452","S2P8.C2","Flux",0.00365
"2453","S1P5.C1","time",-0.21131
"2454","S1P5.C1","Flux",-0.00722
"2455","S2P1.C1","time",11.65223
"2456","S2P1.C1","Flux",-0.00215
"2457","S2P7.C1","time",1.85613
"2458","S2P7.C1","Flux",-0.00252
"2459","S1P2.C2","time",-0.17911
"2460","S1P2.C2","Flux",-0.00128
"2461","S2P8.C2","time",1.86326
"2462","S2P8.C2","Flux",0.000351
"2463","S1P5.C1","time",-0.19707
"2464","S1P5.C1","Flux",-0.02069
"2465","S2P1.C1","time",11.7448
"2466","S2P1.C1","Flux",0.00423
"2467","S2P7.C1","time",1.88108
"2468","S2P7.C1","Flux",-0.01246
"2469","S1P2.C2","time",-0.16487
"2470","S1P2.C2","Flux",0.0028
"2471","S2P8.C2","time",1.88821
"2472","S2P8.C2","Flux",0.01864
"2473","S1P5.C1","time",-0.17931
"2474","S1P5.C1","Flux",0.00726
"2475","S2P1.C1","time",11.8373
"2476","S2P1.C1","Flux",0.00499
"2477","S2P7.C1","time",1.90244
"2478","S2P7.C1","Flux",0.00402
"2479","S1P2.C2","time",-0.15064
"2480","S1P2.C2","Flux",-0.00923
"2481","S2P8.C2","time",1.90957
"2482","S2P8.C2","Flux",-0.00602
"2483","S1P5.C1","time",-0.16507
"2484","S1P5.C1","Flux",0.000914
"2485","S2P1.C1","time",11.92984
"2486","S2P1.C1","Flux",-0.00588
"2487","S2P7.C1","time",1.92383
"2488","S2P7.C1","Flux",0.00598
"2489","S1P2.C2","time",-0.1364
"2490","S1P2.C2","Flux",-0.00435
"2491","S2P8.C2","time",1.93097
"2492","S2P8.C2","Flux",0.01007
"2493","S1P5.C1","time",-0.15083
"2494","S1P5.C1","Flux",0.00289
"2495","S2P1.C1","time",12.02241
"2496","S2P1.C1","Flux",-0.00434
"2497","S2P7.C1","time",1.9452
"2498","S2P7.C1","Flux",0.00374
"2499","S1P2.C2","time",-0.12216
"2500","S1P2.C2","Flux",0.00415
"2501","S2P8.C2","time",1.95233
"2502","S2P8.C2","Flux",0.00382
"2503","S1P5.C1","time",-0.1366
"2504","S1P5.C1","Flux",0.00215
"2505","S2P1.C1","time",12.11506
"2506","S2P1.C1","Flux",-0.01412
"2507","S2P7.C1","time",1.97013
"2508","S2P7.C1","Flux",-0.00424
"2509","S1P2.C2","time",-0.10792
"2510","S1P2.C2","Flux",-0.01102
"2511","S2P8.C2","time",1.97726
"2512","S2P8.C2","Flux",0.00659
"2513","S1P5.C1","time",-0.12236
"2514","S1P5.C1","Flux",-0.000129
"2515","S2P1.C1","time",12.20766
"2516","S2P1.C1","Flux",0.04736
"2517","S2P7.C1","time",1.99148
"2518","S2P7.C1","Flux",0.00293
"2519","S1P2.C2","time",-0.09015
"2520","S1P2.C2","Flux",-0.00343
"2521","S2P8.C2","time",1.99862
"2522","S2P8.C2","Flux",0.00583
"2523","S1P5.C1","time",-0.10811
"2524","S1P5.C1","Flux",0.00808
"2525","S2P1.C1","time",12.30024
"2526","S2P1.C1","Flux",-0.00108
"2527","S2P7.C1","time",2.01278
"2528","S2P7.C1","Flux",-0.00159
"2529","S1P2.C2","time",-0.07589
"2530","S1P2.C2","Flux",-0.01078
"2531","S1P5.C1","time",-0.09035
"2532","S1P5.C1","Flux",0.00717
"2533","S2P1.C1","time",12.99633
"2534","S2P1.C1","Flux",0.00198
"2535","S1P2.C2","time",-0.06161
"2536","S1P2.C2","Flux",-0.000783
"2537","S1P5.C1","time",-0.07609
"2538","S1P5.C1","Flux",0.00775
"2539","S2P1.C1","time",13.08892
"2540","S2P1.C1","Flux",-0.00487
"2541","S1P2.C2","time",-0.04735
"2542","S1P2.C2","Flux",0.00486
"2543","S1P5.C1","time",-0.06181
"2544","S1P5.C1","Flux",-0.01296
"2545","S2P1.C1","time",13.18146
"2546","S2P1.C1","Flux",0.01387
"2547","S1P2.C2","time",-0.03307
"2548","S1P2.C2","Flux",0.00575
"2549","S1P5.C1","time",-0.04753
"2550","S1P5.C1","Flux",-0.00171
"2551","S2P1.C1","time",13.274
"2552","S2P1.C1","Flux",0.00364
"2553","S1P2.C2","time",-0.01878
"2554","S1P2.C2","Flux",-0.00427
"2555","S1P5.C1","time",-0.03326
"2556","S1P5.C1","Flux",-0.00982
"2557","S2P1.C1","time",13.3665
"2558","S2P1.C1","Flux",0.00838
"2559","S1P2.C2","time",-0.000972
"2560","S1P2.C2","Flux",0.00517
"2561","S1P5.C1","time",-0.01898
"2562","S1P5.C1","Flux",0.01729
"2563","S2P1.C1","time",13.45898
"2564","S2P1.C1","Flux",0.00775
"2565","S1P2.C2","time",0.01329
"2566","S1P2.C2","Flux",0.000858
"2567","S1P5.C1","time",-0.00117
"2568","S1P5.C1","Flux",-0.0106
"2569","S2P1.C1","time",13.55154
"2570","S2P1.C1","Flux",0.01458
"2571","S1P2.C2","time",0.02757
"2572","S1P2.C2","Flux",0.01116
"2573","S1P5.C1","time",0.01309
"2574","S1P5.C1","Flux",-0.00347
"2575","S2P1.C1","time",13.64404
"2576","S2P1.C1","Flux",0.02504
"2577","S1P2.C2","time",0.04183
"2578","S1P2.C2","Flux",0.00479
"2579","S1P5.C1","time",0.02737
"2580","S1P5.C1","Flux",0.00189
"2581","S2P1.C1","time",13.73664
"2582","S2P1.C1","Flux",0.000687
"2583","S1P2.C2","time",0.05609
"2584","S1P2.C2","Flux",-0.01166
"2585","S1P5.C1","time",0.04164
"2586","S1P5.C1","Flux",-0.00835
"2587","S2P1.C1","time",13.82926
"2588","S2P1.C1","Flux",0.01864
"2589","S1P2.C2","time",0.07037
"2590","S1P2.C2","Flux",-0.00913
"2591","S1P5.C1","time",0.0559
"2592","S1P5.C1","Flux",0.00261
"2593","S2P1.C1","time",13.92183
"2594","S2P1.C1","Flux",0.00191
"2595","S1P2.C2","time",0.08818
"2596","S1P2.C2","Flux",0.00805
"2597","S1P5.C1","time",0.07017
"2598","S1P5.C1","Flux",0.00303
"2599","S2P1.C1","time",14.01441
"2600","S2P1.C1","Flux",0.00284
"2601","S1P2.C2","time",0.10241
"2602","S1P2.C2","Flux",-0.0077
"2603","S1P5.C1","time",0.08799
"2604","S1P5.C1","Flux",0.00301
"2605","S2P1.C1","time",14.10698
"2606","S2P1.C1","Flux",-0.01013
"2607","S1P2.C2","time",0.11668
"2608","S1P2.C2","Flux",0.00203
"2609","S1P5.C1","time",0.10222
"2610","S1P5.C1","Flux",0.01352
"2611","S2P1.C1","time",14.19951
"2612","S2P1.C1","Flux",0.01684
"2613","S1P2.C2","time",0.13095
"2614","S1P2.C2","Flux",-0.0024
"2615","S1P5.C1","time",0.11649
"2616","S1P5.C1","Flux",-0.02019
"2617","S2P1.C1","time",14.29204
"2618","S2P1.C1","Flux",0.00611
"2619","S1P2.C2","time",0.14522
"2620","S1P2.C2","Flux",0.01153
"2621","S1P5.C1","time",0.13076
"2622","S1P5.C1","Flux",-0.01709
"2623","S2P1.C1","time",14.38451
"2624","S2P1.C1","Flux",-0.00249
"2625","S1P2.C2","time",0.15949
"2626","S1P2.C2","Flux",0.00829
"2627","S1P5.C1","time",0.14503
"2628","S1P5.C1","Flux",-0.000726
"2629","S2P1.C1","time",14.47713
"2630","S2P1.C1","Flux",-0.00142
"2631","S1P2.C2","time",0.17731
"2632","S1P2.C2","Flux",0.00104
"2633","S1P5.C1","time",0.15931
"2634","S1P5.C1","Flux",-0.02772
"2635","S2P1.C1","time",14.56968
"2636","S2P1.C1","Flux",0.0106
"2637","S1P2.C2","time",0.1916
"2638","S1P2.C2","Flux",-0.000631
"2639","S1P5.C1","time",0.17713
"2640","S1P5.C1","Flux",-0.00497
"2641","S2P1.C1","time",14.66223
"2642","S2P1.C1","Flux",-0.0014
"2643","S1P2.C2","time",0.20587
"2644","S1P2.C2","Flux",0.01246
"2645","S1P5.C1","time",0.1914
"2646","S1P5.C1","Flux",-0.00763
"2647","S2P1.C1","time",14.75469
"2648","S2P1.C1","Flux",0.01069
"2649","S1P2.C2","time",0.22014
"2650","S1P2.C2","Flux",0.00652
"2651","S1P5.C1","time",0.20568
"2652","S1P5.C1","Flux",0.0045
"2653","S2P1.C1","time",14.84712
"2654","S2P1.C1","Flux",-0.00346
"2655","S1P2.C2","time",0.23441
"2656","S1P2.C2","Flux",-0.00354
"2657","S1P5.C1","time",0.21995
"2658","S1P5.C1","Flux",0.000889
"2659","S2P1.C1","time",14.93965
"2660","S2P1.C1","Flux",-0.01481
"2661","S1P2.C2","time",0.24868
"2662","S1P2.C2","Flux",-0.00371
"2663","S1P5.C1","time",0.23422
"2664","S1P5.C1","Flux",0.000762
"2665","S2P1.C1","time",15.0322
"2666","S2P1.C1","Flux",0.00959
"2667","S1P2.C2","time",0.26648
"2668","S1P2.C2","Flux",0.00278
"2669","S1P5.C1","time",0.2485
"2670","S1P5.C1","Flux",0.00646
"2671","S2P1.C1","time",15.12479
"2672","S2P1.C1","Flux",-0.00168
"2673","S1P2.C2","time",0.28075
"2674","S1P2.C2","Flux",0.00123
"2675","S1P5.C1","time",0.2663
"2676","S1P5.C1","Flux",0.01374
"2677","S2P1.C1","time",15.21609
"2678","S2P1.C1","Flux",-0.0065
"2679","S1P2.C2","time",0.29502
"2680","S1P2.C2","Flux",0.00882
"2681","S1P5.C1","time",0.28057
"2682","S1P5.C1","Flux",0.00428
"2683","S2P1.C1","time",15.30869
"2684","S2P1.C1","Flux",0.00464
"2685","S1P2.C2","time",0.30929
"2686","S1P2.C2","Flux",0.0064
"2687","S1P5.C1","time",0.29484
"2688","S1P5.C1","Flux",0.00456
"2689","S2P1.C1","time",15.40131
"2690","S2P1.C1","Flux",-0.0148
"2691","S1P2.C2","time",0.33177
"2692","S1P2.C2","Flux",0.00595
"2693","S1P5.C1","time",0.30911
"2694","S1P5.C1","Flux",-0.0124
"2695","S2P1.C1","time",15.49392
"2696","S2P1.C1","Flux",0.00191
"2697","S1P2.C2","time",0.34604
"2698","S1P2.C2","Flux",0.00542
"2699","S1P5.C1","time",0.3316
"2700","S1P5.C1","Flux",0.00652
"2701","S2P1.C1","time",15.58652
"2702","S2P1.C1","Flux",0.00331
"2703","S1P2.C2","time",0.36731
"2704","S1P2.C2","Flux",0.01109
"2705","S1P5.C1","time",0.34586
"2706","S1P5.C1","Flux",-0.01575
"2707","S2P1.C1","time",15.67896
"2708","S2P1.C1","Flux",-0.0117
"2709","S1P2.C2","time",0.38157
"2710","S1P2.C2","Flux",0.01436
"2711","S1P5.C1","time",0.36713
"2712","S1P5.C1","Flux",0.0032
"2713","S2P1.C1","time",15.7716
"2714","S2P1.C1","Flux",-0.000812
"2715","S1P2.C2","time",0.40652
"2716","S1P2.C2","Flux",0.01228
"2717","S1P5.C1","time",0.38139
"2718","S1P5.C1","Flux",0.00345
"2719","S2P1.C1","time",15.86421
"2720","S1P2.C2","time",0.42076
"2721","S1P2.C2","Flux",0.00647
"2722","S1P5.C1","time",0.40633
"2723","S1P5.C1","Flux",0.00145
"2724","S2P1.C1","time",15.95685
"2725","S2P1.C1","Flux",0.00214
"2726","S1P2.C2","time",0.44205
"2727","S1P2.C2","Flux",0.01253
"2728","S1P5.C1","time",0.42058
"2729","S1P5.C1","Flux",-0.00987
"2730","S2P1.C1","time",16.02764
"2731","S2P1.C1","Flux",0.00113
"2732","S1P2.C2","time",0.45628
"2733","S1P2.C2","Flux",0.00944
"2734","S1P5.C1","time",0.44188
"2735","S1P5.C1","Flux",-0.00455
"2736","S2P1.C1","time",16.1203
"2737","S2P1.C1","Flux",-0.00256
"2738","S1P2.C2","time",0.48117
"2739","S1P2.C2","Flux",0.02148
"2740","S1P5.C1","time",0.45611
"2741","S1P5.C1","Flux",-0.02076
"2742","S2P1.C1","time",16.21288
"2743","S2P1.C1","Flux",-0.0028
"2744","S1P2.C2","time",0.49541
"2745","S1P2.C2","Flux",0.01679
"2746","S1P5.C1","time",0.481
"2747","S1P5.C1","Flux",-0.01193
"2748","S2P1.C1","time",16.35304
"2749","S2P1.C1","Flux",0.000146
"2750","S1P2.C2","time",0.51667
"2751","S1P2.C2","Flux",-0.000368
"2752","S1P5.C1","time",0.49523
"2753","S1P5.C1","Flux",0.00955
"2754","S2P1.C1","time",16.4948
"2755","S2P1.C1","Flux",-0.000295
"2756","S1P2.C2","time",0.53091
"2757","S1P2.C2","Flux",0.0175
"2758","S1P5.C1","time",0.51648
"2759","S1P5.C1","Flux",-0.017
"2760","S2P1.C1","time",16.6366
"2761","S2P1.C1","Flux",-0.00398
"2762","S1P2.C2","time",0.55584
"2763","S1P5.C1","time",0.53073
"2764","S1P5.C1","Flux",0.0047
"2765","S2P1.C1","time",16.77836
"2766","S2P1.C1","Flux",0.000252
"2767","S1P2.C2","time",0.57006
"2768","S1P5.C1","time",0.55566
"2769","S2P1.C1","time",16.92005
"2770","S2P1.C1","Flux",0.000629
"2771","S1P2.C2","time",0.59131
"2772","S1P5.C1","time",0.56988
"2773","S2P1.C1","time",17.0617
"2774","S2P1.C1","Flux",0.000612
"2775","S1P2.C2","time",0.60554
"2776","S1P5.C1","time",0.59113
"2777","S2P1.C1","time",17.20338
"2778","S2P1.C1","Flux",0.000858
"2779","S1P2.C2","time",0.63044
"2780","S1P5.C1","time",0.60537
"2781","S2P1.C1","time",17.34508
"2782","S2P1.C1","Flux",0.000578
"2783","S1P2.C2","time",0.64466
"2784","S1P5.C1","time",0.63027
"2785","S1P2.C2","time",0.66591
"2786","S1P5.C1","time",0.64448
"2787","S1P2.C2","time",0.68014
"2788","S1P5.C1","time",0.66573
"2789","S1P2.C2","time",0.70506
"2790","S1P2.C2","Flux",0.00796
"2791","S1P5.C1","time",0.67995
"2792","S1P2.C2","time",0.71927
"2793","S1P2.C2","Flux",0.02014
"2794","S1P5.C1","time",0.70488
"2795","S1P2.C2","time",0.74059
"2796","S1P2.C2","Flux",0.01186
"2797","S1P5.C1","time",0.7191
"2798","S1P5.C1","Flux",-0.00209
"2799","S1P2.C2","time",0.75481
"2800","S1P2.C2","Flux",0.00551
"2801","S1P5.C1","time",0.74041
"2802","S1P5.C1","Flux",-0.01357
"2803","S1P2.C2","time",0.77971
"2804","S1P2.C2","Flux",0.02772
"2805","S1P5.C1","time",0.75464
"2806","S1P5.C1","Flux",0.01649
"2807","S1P2.C2","time",0.79399
"2808","S1P2.C2","Flux",0.01688
"2809","S1P5.C1","time",0.77953
"2810","S1P5.C1","Flux",-0.00233
"2811","S1P2.C2","time",0.81529
"2812","S1P2.C2","Flux",0.01624
"2813","S1P5.C1","time",0.7938
"2814","S1P5.C1","Flux",-0.00422
"2815","S1P2.C2","time",0.82955
"2816","S1P2.C2","Flux",0.03179
"2817","S1P5.C1","time",0.8151
"2818","S1P5.C1","Flux",-0.00608
"2819","S1P2.C2","time",0.85446
"2820","S1P2.C2","Flux",0.02451
"2821","S1P5.C1","time",0.82936
"2822","S1P5.C1","Flux",0.00428
"2823","S1P2.C2","time",0.86872
"2824","S1P2.C2","Flux",0.01421
"2825","S1P5.C1","time",0.85427
"2826","S1P5.C1","Flux",0.00489
"2827","S1P2.C2","time",0.89005
"2828","S1P2.C2","Flux",0.01822
"2829","S1P5.C1","time",0.86853
"2830","S1P5.C1","Flux",-0.00904
"2831","S1P2.C2","time",0.90431
"2832","S1P2.C2","Flux",0.02748
"2833","S1P5.C1","time",0.88986
"2834","S1P5.C1","Flux",-0.01024
"2835","S1P2.C2","time",0.92925
"2836","S1P2.C2","Flux",0.00485
"2837","S1P5.C1","time",0.90412
"2838","S1P5.C1","Flux",-0.000252
"2839","S1P2.C2","time",0.94351
"2840","S1P2.C2","Flux",0.02361
"2841","S1P5.C1","time",0.92906
"2842","S1P5.C1","Flux",0.00502
"2843","S1P2.C2","time",0.96492
"2844","S1P2.C2","Flux",0.01833
"2845","S1P5.C1","time",0.94332
"2846","S1P5.C1","Flux",0.00237
"2847","S1P2.C2","time",0.97919
"2848","S1P2.C2","Flux",0.03035
"2849","S1P5.C1","time",0.96473
"2850","S1P5.C1","Flux",0.01112
"2851","S1P2.C2","time",1.04209
"2852","S1P2.C2","Flux",0.04352
"2853","S1P5.C1","time",0.979
"2854","S1P5.C1","Flux",-0.00918
"2855","S1P2.C2","time",1.08493
"2856","S1P2.C2","Flux",0.04317
"2857","S1P5.C1","time",1.02762
"2858","S1P5.C1","Flux",-0.00267
"2859","S1P2.C2","time",1.13127
"2860","S1P2.C2","Flux",0.0191
"2861","S1P5.C1","time",1.07046
"2862","S1P5.C1","Flux",-0.00528
"2863","S1P2.C2","time",1.17411
"2864","S1P2.C2","Flux",0.01355
"2865","S1P5.C1","time",1.11681
"2866","S1P5.C1","Flux",0.00218
"2867","S1P2.C2","time",1.22043
"2868","S1P2.C2","Flux",0.0253
"2869","S1P5.C1","time",1.15965
"2870","S1P5.C1","Flux",-0.0054
"2871","S1P2.C2","time",1.26324
"2872","S1P2.C2","Flux",0.02674
"2873","S1P5.C1","time",1.20601
"2874","S1P5.C1","Flux",-0.01486
"2875","S1P2.C2","time",1.34006
"2876","S1P2.C2","Flux",0.03852
"2877","S1P5.C1","time",1.24878
"2878","S1P5.C1","Flux",-0.00616
"2879","S1P2.C2","time",1.37569
"2880","S1P2.C2","Flux",0.02185
"2881","S1P5.C1","time",1.29514
"2882","S1P5.C1","Flux",-0.00439
"2883","S1P2.C2","time",1.41486
"2884","S1P2.C2","Flux",0.03091
"2885","S1P5.C1","time",1.33987
"2886","S1P5.C1","Flux",-0.00802
"2887","S1P2.C2","time",1.45056
"2888","S1P2.C2","Flux",0.02504
"2889","S1P5.C1","time",1.37552
"2890","S1P5.C1","Flux",-0.01186
"2891","S1P2.C2","time",1.48972
"2892","S1P2.C2","Flux",0.04107
"2893","S1P5.C1","time",1.41468
"2894","S1P5.C1","Flux",0.00351
"2895","S1P2.C2","time",1.52536
"2896","S1P2.C2","Flux",0.0258
"2897","S1P5.C1","time",1.45037
"2898","S1P5.C1","Flux",-0.00364
"2899","S1P2.C2","time",1.56456
"2900","S1P5.C1","time",1.48955
"2901","S1P5.C1","Flux",0.00289
"2902","S1P2.C2","time",1.6002
"2903","S1P5.C1","time",1.52517
"2904","S1P5.C1","Flux",0.01125
"2905","S1P2.C2","time",1.63939
"2906","S1P5.C1","time",1.56438
"2907","S1P2.C2","time",1.67499
"2908","S1P5.C1","time",1.60001
"2909","S1P2.C2","time",1.71414
"2910","S1P2.C2","Flux",0.03682
"2911","S1P5.C1","time",1.63921
"2912","S1P2.C2","time",1.74976
"2913","S1P2.C2","Flux",0.03301
"2914","S1P5.C1","time",1.67481
"2915","S1P2.C2","time",1.78892
"2916","S1P2.C2","Flux",0.00654
"2917","S1P5.C1","time",1.71396
"2918","S1P5.C1","Flux",0.00733
"2919","S1P2.C2","time",1.82458
"2920","S1P2.C2","Flux",0.01689
"2921","S1P5.C1","time",1.74957
"2922","S1P5.C1","Flux",0.01366
"2923","S1P2.C2","time",1.86376
"2924","S1P2.C2","Flux",0.01274
"2925","S1P5.C1","time",1.78875
"2926","S1P5.C1","Flux",-0.00612
"2927","S1P2.C2","time",1.89942
"2928","S1P2.C2","Flux",0.01873
"2929","S1P5.C1","time",1.8244
"2930","S1P5.C1","Flux",-0.00821
"2931","S1P2.C2","time",1.93867
"2932","S1P2.C2","Flux",0.00478
"2933","S1P5.C1","time",1.86359
"2934","S1P5.C1","Flux",-0.00592
"2935","S1P2.C2","time",1.97431
"2936","S1P2.C2","Flux",0.00912
"2937","S1P5.C1","time",1.89924
"2938","S1P5.C1","Flux",-0.00397
"2939","S1P5.C1","time",1.93848
"2940","S1P5.C1","Flux",0.00237
"2941","S1P5.C1","time",1.97413
"2942","S1P5.C1","Flux",-0.01416
