"","OTU","Sample","Abundance","Condition","Site","Time","Condition_time","Condition_site","Kingdom","Phylum"
"77","x300","X3300045929_PreDrought_Site1_48hr",0.717902350813743,"PreDrought","Site1","48hr","PreDrought_48hr","PreDrought_Site1","Eukaryota","Ascomycota"
"106","x300","X3300049730_PreDrought_Site1_6hr",0.692857142857143,"PreDrought","Site1","6hr","PreDrought_6hr","PreDrought_Site1","Eukaryota","Ascomycota"
"79","x300","X3300045932_PreDrought_Site2_6hr",0.690402476780186,"PreDrought","Site2","6hr","PreDrought_6hr","PreDrought_Site2","Eukaryota","Ascomycota"
"104","x300","X3300045975_PreDrought_Site1_6hr",0.687650602409639,"PreDrought","Site1","6hr","PreDrought_6hr","PreDrought_Site1","Eukaryota","Ascomycota"
"83","x300","X3300045920_PreDrought_Site1_48hr",0.674615002483855,"PreDrought","Site1","48hr","PreDrought_48hr","PreDrought_Site1","Eukaryota","Ascomycota"
"101","x300","X3300045978_Drought_Site1_48hr",0.666926272066459,"Drought","Site1","48hr","Drought_48hr","Drought_Site1","Eukaryota","Ascomycota"
"74","x300","X3300045931_Drought_Site2_0hr",0.666143380429095,"Drought","Site2","0hr","Drought_0hr","Drought_Site2","Eukaryota","Ascomycota"
"91","x300","X3300045941_PreDrought_Site2_0hr",0.661089866156788,"PreDrought","Site2","0hr","PreDrought_0hr","PreDrought_Site2","Eukaryota","Ascomycota"
"85","x300","X3300045928_PreDrought_Site1_0hr",0.659549913444893,"PreDrought","Site1","0hr","PreDrought_0hr","PreDrought_Site1","Eukaryota","Ascomycota"
"108","x300","X3300045977_Drought_Site1_0hr",0.658260869565217,"Drought","Site1","0hr","Drought_0hr","Drought_Site1","Eukaryota","Ascomycota"
"107","x300","X3300049732_PreDrought_0hr",0.658179848320693,"PreDrought","Site2","0hr","PreDrought_0hr","PreDrought_Site2","Eukaryota","Ascomycota"
"97","x300","X3300045965_PreDrought_Site3_48hr",0.650992685475444,"PreDrought","Site3","48hr","PreDrought_48hr","PreDrought_Site3","Eukaryota","Ascomycota"
"102","x300","X3300046482_Drought_Site3_6hr",0.649762282091918,"Drought","Site3","6hr","Drought_6hr","Drought_Site3","Eukaryota","Ascomycota"
"92","x300","X3300045964_Drought_Site1_6hr",0.648520710059172,"Drought","Site1","6hr","Drought_6hr","Drought_Site1","Eukaryota","Ascomycota"
"90","x300","X3300045952_Drought_Site2_6hr",0.64816472694718,"Drought","Site2","6hr","Drought_6hr","Drought_Site2","Eukaryota","Ascomycota"
"75","x300","X3300045926_Drought_Site2_48hr",0.645206438068579,"Drought","Site2","48hr","Drought_48hr","Drought_Site2","Eukaryota","Ascomycota"
"103","x300","X3300049731_Drought_Site1_48hr",0.644639244774107,"Drought","Site1","48hr","Drought_48hr","Drought_Site1","Eukaryota","Ascomycota"
"81","x300","X3300045936_Drought_Site2_0hr",0.642424242424242,"Drought","Site2","0hr","Drought_0hr","Drought_Site2","Eukaryota","Ascomycota"
"82","x300","X3300045930_PreDrought_Site2_6hr",0.641967213114754,"PreDrought","Site2","6hr","PreDrought_6hr","PreDrought_Site2","Eukaryota","Ascomycota"
"98","x300","X3300045947_Drought_Site3_6hr",0.631433314886552,"Drought","Site3","6hr","Drought_6hr","Drought_Site3","Eukaryota","Ascomycota"
"80","x300","X3300045927_Drought_Site2_6hr",0.629128316188414,"Drought","Site2","6hr","Drought_6hr","Drought_Site2","Eukaryota","Ascomycota"
"100","x300","X3300049733_Drought_Site2_48hr",0.628276409849087,"Drought","Site2","48hr","Drought_48hr","Drought_Site2","Eukaryota","Ascomycota"
"78","x300","X3300045910_PreDrought_Site1_0hr",0.626788780767029,"PreDrought","Site1","0hr","PreDrought_0hr","PreDrought_Site1","Eukaryota","Ascomycota"
"93","x300","X3300045946_Drought_Site3_48hr",0.625519287833828,"Drought","Site3","48hr","Drought_48hr","Drought_Site3","Eukaryota","Ascomycota"
"99","x300","X3300045968_PreDrought_Site3_48hr",0.622757847533632,"PreDrought","Site3","48hr","PreDrought_48hr","PreDrought_Site3","Eukaryota","Ascomycota"
"95","x300","X3300045953_Drought_Site3_48hr",0.621605310802655,"Drought","Site3","48hr","Drought_48hr","Drought_Site3","Eukaryota","Ascomycota"
"96","x300","X3300045944_PreDrought_Site2_48hr",0.619481110605371,"PreDrought","Site2","48hr","PreDrought_48hr","PreDrought_Site2","Eukaryota","Ascomycota"
"89","x300","X3300045966_PreDrought_Site3_0hr",0.615077098800685,"PreDrought","Site3","0hr","PreDrought_0hr","PreDrought_Site3","Eukaryota","Ascomycota"
"94","x300","X3300045967_PreDrought_Site3_6hr",0.614203454894434,"PreDrought","Site3","6hr","PreDrought_6hr","PreDrought_Site3","Eukaryota","Ascomycota"
"105","x300","X3300049734_Drought_Site3_0hr",0.608175473579262,"Drought","Site3","0hr","Drought_0hr","Drought_Site3","Eukaryota","Ascomycota"
"84","x300","X3300045933_PreDrought_Site2_48hr",0.606591865357644,"PreDrought","Site2","48hr","PreDrought_48hr","PreDrought_Site2","Eukaryota","Ascomycota"
"88","x300","X3300045945_PreDrought_Site3_0hr",0.605221932114883,"PreDrought","Site3","0hr","PreDrought_0hr","PreDrought_Site3","Eukaryota","Ascomycota"
"87","x300","X3300045955_Drought_Site3_0hr",0.603550295857988,"Drought","Site3","0hr","Drought_0hr","Drought_Site3","Eukaryota","Ascomycota"
"73","x300","X3300045884_Drought_Site1_6hr",0.600597014925373,"Drought","Site1","6hr","Drought_6hr","Drought_Site1","Eukaryota","Ascomycota"
"76","x300","X3300045934_PreDrought_Site3_6hr",0.599464166108506,"PreDrought","Site3","6hr","PreDrought_6hr","PreDrought_Site3","Eukaryota","Ascomycota"
"86","x300","X3300045940_Drought_Site1_0hr",0.565568676196395,"Drought","Site1","0hr","Drought_0hr","Drought_Site1","Eukaryota","Ascomycota"
"127","x3071","X3300045945_PreDrought_Site3_0hr",0.298172323759791,"PreDrought","Site3","0hr","PreDrought_0hr","PreDrought_Site3","Eukaryota","Basidiomycota"
"128","x3071","X3300045934_PreDrought_Site3_6hr",0.293369055592766,"PreDrought","Site3","6hr","PreDrought_6hr","PreDrought_Site3","Eukaryota","Basidiomycota"
"125","x3071","X3300045940_Drought_Site1_0hr",0.293349906774394,"Drought","Site1","0hr","Drought_0hr","Drought_Site1","Eukaryota","Basidiomycota"
"144","x3071","X3300049734_Drought_Site3_0hr",0.293120638085743,"Drought","Site3","0hr","Drought_0hr","Drought_Site3","Eukaryota","Basidiomycota"
"139","x3071","X3300049733_Drought_Site2_48hr",0.293089753772836,"Drought","Site2","48hr","Drought_48hr","Drought_Site2","Eukaryota","Basidiomycota"
"112","x3071","X3300045884_Drought_Site1_6hr",0.290149253731343,"Drought","Site1","6hr","Drought_6hr","Drought_Site1","Eukaryota","Basidiomycota"
"141","x3071","X3300045966_PreDrought_Site3_0hr",0.284980011422045,"PreDrought","Site3","0hr","PreDrought_0hr","PreDrought_Site3","Eukaryota","Basidiomycota"
"119","x3071","X3300045946_Drought_Site3_48hr",0.284272997032641,"Drought","Site3","48hr","Drought_48hr","Drought_Site3","Eukaryota","Basidiomycota"
"132","x3071","X3300046482_Drought_Site3_6hr",0.283676703645008,"Drought","Site3","6hr","Drought_6hr","Drought_Site3","Eukaryota","Basidiomycota"
"126","x3071","X3300045955_Drought_Site3_0hr",0.283178360101437,"Drought","Site3","0hr","Drought_0hr","Drought_Site3","Eukaryota","Basidiomycota"
"111","x3071","X3300045927_Drought_Site2_6hr",0.283161884136437,"Drought","Site2","6hr","Drought_6hr","Drought_Site2","Eukaryota","Basidiomycota"
"124","x3071","X3300045947_Drought_Site3_6hr",0.281682346430548,"Drought","Site3","6hr","Drought_6hr","Drought_Site3","Eukaryota","Basidiomycota"
"138","x3071","X3300045968_PreDrought_Site3_48hr",0.275784753363229,"PreDrought","Site3","48hr","PreDrought_48hr","PreDrought_Site3","Eukaryota","Basidiomycota"
"135","x3071","X3300045977_Drought_Site1_0hr",0.273623188405797,"Drought","Site1","0hr","Drought_0hr","Drought_Site1","Eukaryota","Basidiomycota"
"140","x3071","X3300045978_Drought_Site1_48hr",0.267133956386293,"Drought","Site1","48hr","Drought_48hr","Drought_Site1","Eukaryota","Basidiomycota"
"121","x3071","X3300045953_Drought_Site3_48hr",0.263126131563066,"Drought","Site3","48hr","Drought_48hr","Drought_Site3","Eukaryota","Basidiomycota"
"133","x3071","X3300045967_PreDrought_Site3_6hr",0.262955854126679,"PreDrought","Site3","6hr","PreDrought_6hr","PreDrought_Site3","Eukaryota","Basidiomycota"
"131","x3071","X3300045964_Drought_Site1_6hr",0.261538461538462,"Drought","Site1","6hr","Drought_6hr","Drought_Site1","Eukaryota","Basidiomycota"
"122","x3071","X3300045944_PreDrought_Site2_48hr",0.255348202093764,"PreDrought","Site2","48hr","PreDrought_48hr","PreDrought_Site2","Eukaryota","Basidiomycota"
"123","x3071","X3300045933_PreDrought_Site2_48hr",0.255259467040673,"PreDrought","Site2","48hr","PreDrought_48hr","PreDrought_Site2","Eukaryota","Basidiomycota"
"117","x3071","X3300045910_PreDrought_Site1_0hr",0.253577561534058,"PreDrought","Site1","0hr","PreDrought_0hr","PreDrought_Site1","Eukaryota","Basidiomycota"
"134","x3071","X3300049732_PreDrought_0hr",0.250812567713976,"PreDrought","Site2","0hr","PreDrought_0hr","PreDrought_Site2","Eukaryota","Basidiomycota"
"136","x3071","X3300045965_PreDrought_Site3_48hr",0.247126436781609,"PreDrought","Site3","48hr","PreDrought_48hr","PreDrought_Site3","Eukaryota","Basidiomycota"
"109","x3071","X3300045930_PreDrought_Site2_6hr",0.245901639344262,"PreDrought","Site2","6hr","PreDrought_6hr","PreDrought_Site2","Eukaryota","Basidiomycota"
"120","x3071","X3300045936_Drought_Site2_0hr",0.24469696969697,"Drought","Site2","0hr","Drought_0hr","Drought_Site2","Eukaryota","Basidiomycota"
"142","x3071","X3300049731_Drought_Site1_48hr",0.24409979770735,"Drought","Site1","48hr","Drought_48hr","Drought_Site1","Eukaryota","Basidiomycota"
"130","x3071","X3300045941_PreDrought_Site2_0hr",0.24282982791587,"PreDrought","Site2","0hr","PreDrought_0hr","PreDrought_Site2","Eukaryota","Basidiomycota"
"114","x3071","X3300045926_Drought_Site2_48hr",0.241427571728481,"Drought","Site2","48hr","Drought_48hr","Drought_Site2","Eukaryota","Basidiomycota"
"110","x3071","X3300045920_PreDrought_Site1_48hr",0.238450074515648,"PreDrought","Site1","48hr","PreDrought_48hr","PreDrought_Site1","Eukaryota","Basidiomycota"
"113","x3071","X3300045931_Drought_Site2_0hr",0.238095238095238,"Drought","Site2","0hr","Drought_0hr","Drought_Site2","Eukaryota","Basidiomycota"
"143","x3071","X3300045975_PreDrought_Site1_6hr",0.235542168674699,"PreDrought","Site1","6hr","PreDrought_6hr","PreDrought_Site1","Eukaryota","Basidiomycota"
"118","x3071","X3300045932_PreDrought_Site2_6hr",0.23374613003096,"PreDrought","Site2","6hr","PreDrought_6hr","PreDrought_Site2","Eukaryota","Basidiomycota"
"137","x3071","X3300049730_PreDrought_Site1_6hr",0.228571428571429,"PreDrought","Site1","6hr","PreDrought_6hr","PreDrought_Site1","Eukaryota","Basidiomycota"
"129","x3071","X3300045952_Drought_Site2_6hr",0.222470904207699,"Drought","Site2","6hr","Drought_6hr","Drought_Site2","Eukaryota","Basidiomycota"
"115","x3071","X3300045928_PreDrought_Site1_0hr",0.216387766878246,"PreDrought","Site1","0hr","PreDrought_0hr","PreDrought_Site1","Eukaryota","Basidiomycota"
"116","x3071","X3300045929_PreDrought_Site1_48hr",0.207052441229656,"PreDrought","Site1","48hr","PreDrought_48hr","PreDrought_Site1","Eukaryota","Basidiomycota"
"7","x1217","X3300045933_PreDrought_Site2_48hr",0.11851332398317,"PreDrought","Site2","48hr","PreDrought_48hr","PreDrought_Site2","Eukaryota","Chytridiomycota"
"26","x1217","X3300045952_Drought_Site2_6hr",0.111459265890779,"Drought","Site2","6hr","Drought_6hr","Drought_Site2","Eukaryota","Chytridiomycota"
"30","x1217","X3300045967_PreDrought_Site3_6hr",0.111324376199616,"PreDrought","Site3","6hr","PreDrought_6hr","PreDrought_Site3","Eukaryota","Chytridiomycota"
"17","x1217","X3300045936_Drought_Site2_0hr",0.101515151515152,"Drought","Site2","0hr","Drought_0hr","Drought_Site2","Eukaryota","Chytridiomycota"
"18","x1217","X3300045953_Drought_Site3_48hr",0.0923355461677731,"Drought","Site3","48hr","Drought_48hr","Drought_Site3","Eukaryota","Chytridiomycota"
"14","x1217","X3300045910_PreDrought_Site1_0hr",0.0915855752718947,"PreDrought","Site1","0hr","PreDrought_0hr","PreDrought_Site1","Eukaryota","Chytridiomycota"
"9","x1217","X3300045884_Drought_Site1_6hr",0.088955223880597,"Drought","Site1","6hr","Drought_6hr","Drought_Site1","Eukaryota","Chytridiomycota"
"1","x1217","X3300045926_Drought_Site2_48hr",0.0888733379986004,"Drought","Site2","48hr","Drought_48hr","Drought_Site2","Eukaryota","Chytridiomycota"
"34","x1217","X3300045968_PreDrought_Site3_48hr",0.0885650224215247,"PreDrought","Site3","48hr","PreDrought_48hr","PreDrought_Site3","Eukaryota","Chytridiomycota"
"12","x1217","X3300045934_PreDrought_Site3_6hr",0.0884125920964501,"PreDrought","Site3","6hr","PreDrought_6hr","PreDrought_Site3","Eukaryota","Chytridiomycota"
"10","x1217","X3300045955_Drought_Site3_0hr",0.0870667793744717,"Drought","Site3","0hr","Drought_0hr","Drought_Site3","Eukaryota","Chytridiomycota"
"19","x1217","X3300045944_PreDrought_Site2_48hr",0.0869367319071461,"PreDrought","Site2","48hr","PreDrought_48hr","PreDrought_Site2","Eukaryota","Chytridiomycota"
"8","x1217","X3300045928_PreDrought_Site1_0hr",0.0865551067512983,"PreDrought","Site1","0hr","PreDrought_0hr","PreDrought_Site1","Eukaryota","Chytridiomycota"
"36","x1217","X3300049731_Drought_Site1_48hr",0.0849629130141605,"Drought","Site1","48hr","Drought_48hr","Drought_Site1","Eukaryota","Chytridiomycota"
"2","x1217","X3300045931_Drought_Site2_0hr",0.0832025117739403,"Drought","Site2","0hr","Drought_0hr","Drought_Site2","Eukaryota","Chytridiomycota"
"5","x1217","X3300045930_PreDrought_Site2_6hr",0.08,"PreDrought","Site2","6hr","PreDrought_6hr","PreDrought_Site2","Eukaryota","Chytridiomycota"
"22","x1217","X3300045940_Drought_Site1_0hr",0.0789310130515848,"Drought","Site1","0hr","Drought_0hr","Drought_Site1","Eukaryota","Chytridiomycota"
"31","x1217","X3300049732_PreDrought_0hr",0.0763813651137595,"PreDrought","Site2","0hr","PreDrought_0hr","PreDrought_Site2","Eukaryota","Chytridiomycota"
"4","x1217","X3300045927_Drought_Site2_6hr",0.0752571737953438,"Drought","Site2","6hr","Drought_6hr","Drought_Site2","Eukaryota","Chytridiomycota"
"11","x1217","X3300045945_PreDrought_Site3_0hr",0.0746736292428198,"PreDrought","Site3","0hr","PreDrought_0hr","PreDrought_Site3","Eukaryota","Chytridiomycota"
"28","x1217","X3300049734_Drought_Site3_0hr",0.0737786640079761,"Drought","Site3","0hr","Drought_0hr","Drought_Site3","Eukaryota","Chytridiomycota"
"20","x1217","X3300045965_PreDrought_Site3_48hr",0.0736677115987461,"PreDrought","Site3","48hr","PreDrought_48hr","PreDrought_Site3","Eukaryota","Chytridiomycota"
"33","x1217","X3300049730_PreDrought_Site1_6hr",0.0714285714285714,"PreDrought","Site1","6hr","PreDrought_6hr","PreDrought_Site1","Eukaryota","Chytridiomycota"
"16","x1217","X3300045946_Drought_Site3_48hr",0.0712166172106825,"Drought","Site3","48hr","Drought_48hr","Drought_Site3","Eukaryota","Chytridiomycota"
"21","x1217","X3300045947_Drought_Site3_6hr",0.0697288323187604,"Drought","Site3","6hr","Drought_6hr","Drought_Site3","Eukaryota","Chytridiomycota"
"27","x1217","X3300045941_PreDrought_Site2_0hr",0.0664435946462715,"PreDrought","Site2","0hr","PreDrought_0hr","PreDrought_Site2","Eukaryota","Chytridiomycota"
"15","x1217","X3300045964_Drought_Site1_6hr",0.0656804733727811,"Drought","Site1","6hr","Drought_6hr","Drought_Site1","Eukaryota","Chytridiomycota"
"13","x1217","X3300045929_PreDrought_Site1_48hr",0.0650994575045208,"PreDrought","Site1","48hr","PreDrought_48hr","PreDrought_Site1","Eukaryota","Chytridiomycota"
"6","x1217","X3300045920_PreDrought_Site1_48hr",0.0645802285146548,"PreDrought","Site1","48hr","PreDrought_48hr","PreDrought_Site1","Eukaryota","Chytridiomycota"
"25","x1217","X3300045966_PreDrought_Site3_0hr",0.0633923472301542,"PreDrought","Site3","0hr","PreDrought_0hr","PreDrought_Site3","Eukaryota","Chytridiomycota"
"162","x615","X3300045940_Drought_Site1_0hr",0.0621504039776259,"Drought","Site1","0hr","Drought_0hr","Drought_Site1","Eukaryota","Blastocladiomycota"
"23","x1217","X3300049733_Drought_Site2_48hr",0.0607625099285147,"Drought","Site2","48hr","Drought_48hr","Drought_Site2","Eukaryota","Chytridiomycota"
"35","x1217","X3300045975_PreDrought_Site1_6hr",0.0605421686746988,"PreDrought","Site1","6hr","PreDrought_6hr","PreDrought_Site1","Eukaryota","Chytridiomycota"
"3","x1217","X3300045932_PreDrought_Site2_6hr",0.0565015479876161,"PreDrought","Site2","6hr","PreDrought_6hr","PreDrought_Site2","Eukaryota","Chytridiomycota"
"29","x1217","X3300046482_Drought_Site3_6hr",0.0559957739038563,"Drought","Site3","6hr","Drought_6hr","Drought_Site3","Eukaryota","Chytridiomycota"
"32","x1217","X3300045977_Drought_Site1_0hr",0.0550724637681159,"Drought","Site1","0hr","Drought_0hr","Drought_Site1","Eukaryota","Chytridiomycota"
"24","x1217","X3300045978_Drought_Site1_48hr",0.0526998961578401,"Drought","Site1","48hr","Drought_48hr","Drought_Site1","Eukaryota","Chytridiomycota"
"148","x615","X3300045928_PreDrought_Site1_0hr",0.0375072129255626,"PreDrought","Site1","0hr","PreDrought_0hr","PreDrought_Site1","Eukaryota","Blastocladiomycota"
"165","x615","X3300045966_PreDrought_Site3_0hr",0.0365505425471159,"PreDrought","Site3","0hr","PreDrought_0hr","PreDrought_Site3","Eukaryota","Blastocladiomycota"
"159","x615","X3300045944_PreDrought_Site2_48hr",0.0323167956304051,"PreDrought","Site2","48hr","PreDrought_48hr","PreDrought_Site2","Eukaryota","Blastocladiomycota"
"158","x615","X3300045930_PreDrought_Site2_6hr",0.0321311475409836,"PreDrought","Site2","6hr","PreDrought_6hr","PreDrought_Site2","Eukaryota","Blastocladiomycota"
"167","x615","X3300045941_PreDrought_Site2_0hr",0.0296367112810707,"PreDrought","Site2","0hr","PreDrought_0hr","PreDrought_Site2","Eukaryota","Blastocladiomycota"
"173","x615","X3300045965_PreDrought_Site3_48hr",0.0282131661442006,"PreDrought","Site3","48hr","PreDrought_48hr","PreDrought_Site3","Eukaryota","Blastocladiomycota"
"154","x615","X3300045910_PreDrought_Site1_0hr",0.0263308528906697,"PreDrought","Site1","0hr","PreDrought_0hr","PreDrought_Site1","Eukaryota","Blastocladiomycota"
"178","x615","X3300049731_Drought_Site1_48hr",0.026298044504383,"Drought","Site1","48hr","Drought_48hr","Drought_Site1","Eukaryota","Blastocladiomycota"
"177","x615","X3300049734_Drought_Site3_0hr",0.0249252243270189,"Drought","Site3","0hr","Drought_0hr","Drought_Site3","Eukaryota","Blastocladiomycota"
"145","x615","X3300045926_Drought_Site2_48hr",0.0244926522043387,"Drought","Site2","48hr","Drought_48hr","Drought_Site2","Eukaryota","Blastocladiomycota"
"163","x615","X3300045955_Drought_Site3_0hr",0.0236686390532544,"Drought","Site3","0hr","Drought_0hr","Drought_Site3","Eukaryota","Blastocladiomycota"
"171","x615","X3300045953_Drought_Site3_48hr",0.0229330114665057,"Drought","Site3","48hr","Drought_48hr","Drought_Site3","Eukaryota","Blastocladiomycota"
"146","x615","X3300045920_PreDrought_Site1_48hr",0.022354694485842,"PreDrought","Site1","48hr","PreDrought_48hr","PreDrought_Site1","Eukaryota","Blastocladiomycota"
"168","x615","X3300045964_Drought_Site1_6hr",0.021301775147929,"Drought","Site1","6hr","Drought_6hr","Drought_Site1","Eukaryota","Blastocladiomycota"
"155","x615","X3300045932_PreDrought_Site2_6hr",0.0193498452012384,"PreDrought","Site2","6hr","PreDrought_6hr","PreDrought_Site2","Eukaryota","Phylum < 2%"
"156","x615","X3300045946_Drought_Site3_48hr",0.0189910979228487,"Drought","Site3","48hr","Drought_48hr","Drought_Site3","Eukaryota","Phylum < 2%"
"152","x615","X3300045934_PreDrought_Site3_6hr",0.0187541862022773,"PreDrought","Site3","6hr","PreDrought_6hr","PreDrought_Site3","Eukaryota","Phylum < 2%"
"151","x615","X3300045945_PreDrought_Site3_0hr",0.0182767624020888,"PreDrought","Site3","0hr","PreDrought_0hr","PreDrought_Site3","Eukaryota","Phylum < 2%"
"166","x615","X3300045952_Drought_Site2_6hr",0.017905102954342,"Drought","Site2","6hr","Drought_6hr","Drought_Site2","Eukaryota","Phylum < 2%"
"176","x615","X3300049733_Drought_Site2_48hr",0.0178713264495631,"Drought","Site2","48hr","Drought_48hr","Drought_Site2","Eukaryota","Phylum < 2%"
"161","x615","X3300045947_Drought_Site3_6hr",0.0171555063641395,"Drought","Site3","6hr","Drought_6hr","Drought_Site3","Eukaryota","Phylum < 2%"
"149","x615","X3300045884_Drought_Site1_6hr",0.0167164179104478,"Drought","Site1","6hr","Drought_6hr","Drought_Site1","Eukaryota","Phylum < 2%"
"179","x615","X3300045975_PreDrought_Site1_6hr",0.0162650602409639,"PreDrought","Site1","6hr","PreDrought_6hr","PreDrought_Site1","Eukaryota","Phylum < 2%"
"160","x615","X3300045933_PreDrought_Site2_48hr",0.0154277699859748,"PreDrought","Site2","48hr","PreDrought_48hr","PreDrought_Site2","Eukaryota","Phylum < 2%"
"180","x615","X3300049732_PreDrought_0hr",0.014626218851571,"PreDrought","Site2","0hr","PreDrought_0hr","PreDrought_Site2","Eukaryota","Phylum < 2%"
"164","x615","X3300045978_Drought_Site1_48hr",0.0132398753894081,"Drought","Site1","48hr","Drought_48hr","Drought_Site1","Eukaryota","Phylum < 2%"
"172","x615","X3300045977_Drought_Site1_0hr",0.0130434782608696,"Drought","Site1","0hr","Drought_0hr","Drought_Site1","Eukaryota","Phylum < 2%"
"147","x615","X3300045927_Drought_Site2_6hr",0.0124526258798051,"Drought","Site2","6hr","Drought_6hr","Drought_Site2","Eukaryota","Phylum < 2%"
"170","x615","X3300045967_PreDrought_Site3_6hr",0.0115163147792706,"PreDrought","Site3","6hr","PreDrought_6hr","PreDrought_Site3","Eukaryota","Phylum < 2%"
"157","x615","X3300045936_Drought_Site2_0hr",0.0113636363636364,"Drought","Site2","0hr","Drought_0hr","Drought_Site2","Eukaryota","Phylum < 2%"
"169","x615","X3300046482_Drought_Site3_6hr",0.0105652403592182,"Drought","Site3","6hr","Drought_6hr","Drought_Site3","Eukaryota","Phylum < 2%"
"150","x615","X3300045931_Drought_Site2_0hr",0.010465724751439,"Drought","Site2","0hr","Drought_0hr","Drought_Site2","Eukaryota","Phylum < 2%"
"175","x615","X3300045968_PreDrought_Site3_48hr",0.0100896860986547,"PreDrought","Site3","48hr","PreDrought_48hr","PreDrought_Site3","Eukaryota","Phylum < 2%"
"153","x615","X3300045929_PreDrought_Site1_48hr",0.00994575045207957,"PreDrought","Site1","48hr","PreDrought_48hr","PreDrought_Site1","Eukaryota","Phylum < 2%"
"174","x615","X3300049730_PreDrought_Site1_6hr",0.00714285714285714,"PreDrought","Site1","6hr","PreDrought_6hr","PreDrought_Site1","Eukaryota","Phylum < 2%"
"46","x2049","X3300045944_PreDrought_Site2_48hr",0.00591715976331361,"PreDrought","Site2","48hr","PreDrought_48hr","PreDrought_Site2","Eukaryota","Phylum < 2%"
"47","x2049","X3300045933_PreDrought_Site2_48hr",0.00420757363253857,"PreDrought","Site2","48hr","PreDrought_48hr","PreDrought_Site2","Eukaryota","Phylum < 2%"
"51","x2049","X3300045945_PreDrought_Site3_0hr",0.00365535248041775,"PreDrought","Site3","0hr","PreDrought_0hr","PreDrought_Site3","Eukaryota","Phylum < 2%"
"40","x2049","X3300045884_Drought_Site1_6hr",0.00358208955223881,"Drought","Site1","6hr","Drought_6hr","Drought_Site1","Eukaryota","Phylum < 2%"
"55","x2049","X3300045964_Drought_Site1_6hr",0.0029585798816568,"Drought","Site1","6hr","Drought_6hr","Drought_Site1","Eukaryota","Phylum < 2%"
"62","x2049","X3300045968_PreDrought_Site3_48hr",0.00280269058295964,"PreDrought","Site3","48hr","PreDrought_48hr","PreDrought_Site3","Eukaryota","Phylum < 2%"
"50","x2049","X3300045955_Drought_Site3_0hr",0.00253592561284869,"Drought","Site3","0hr","Drought_0hr","Drought_Site3","Eukaryota","Phylum < 2%"
"38","x2049","X3300045931_Drought_Site2_0hr",0.00209314495028781,"Drought","Site2","0hr","Drought_0hr","Drought_Site2","Eukaryota","Phylum < 2%"
"41","x2049","X3300045910_PreDrought_Site1_0hr",0.00171722953634803,"PreDrought","Site1","0hr","PreDrought_0hr","PreDrought_Site1","Eukaryota","Phylum < 2%"
"37","x2049","X3300045920_PreDrought_Site1_48hr",0,"PreDrought","Site1","48hr","PreDrought_48hr","PreDrought_Site1","Eukaryota","Phylum < 2%"
"39","x2049","X3300045926_Drought_Site2_48hr",0,"Drought","Site2","48hr","Drought_48hr","Drought_Site2","Eukaryota","Phylum < 2%"
"42","x2049","X3300045932_PreDrought_Site2_6hr",0,"PreDrought","Site2","6hr","PreDrought_6hr","PreDrought_Site2","Eukaryota","Phylum < 2%"
"43","x2049","X3300045927_Drought_Site2_6hr",0,"Drought","Site2","6hr","Drought_6hr","Drought_Site2","Eukaryota","Phylum < 2%"
"44","x2049","X3300045936_Drought_Site2_0hr",0,"Drought","Site2","0hr","Drought_0hr","Drought_Site2","Eukaryota","Phylum < 2%"
"45","x2049","X3300045930_PreDrought_Site2_6hr",0,"PreDrought","Site2","6hr","PreDrought_6hr","PreDrought_Site2","Eukaryota","Phylum < 2%"
"48","x2049","X3300045928_PreDrought_Site1_0hr",0,"PreDrought","Site1","0hr","PreDrought_0hr","PreDrought_Site1","Eukaryota","Phylum < 2%"
"49","x2049","X3300045940_Drought_Site1_0hr",0,"Drought","Site1","0hr","Drought_0hr","Drought_Site1","Eukaryota","Phylum < 2%"
"52","x2049","X3300045934_PreDrought_Site3_6hr",0,"PreDrought","Site3","6hr","PreDrought_6hr","PreDrought_Site3","Eukaryota","Phylum < 2%"
"53","x2049","X3300045929_PreDrought_Site1_48hr",0,"PreDrought","Site1","48hr","PreDrought_48hr","PreDrought_Site1","Eukaryota","Phylum < 2%"
"54","x2049","X3300045941_PreDrought_Site2_0hr",0,"PreDrought","Site2","0hr","PreDrought_0hr","PreDrought_Site2","Eukaryota","Phylum < 2%"
"56","x2049","X3300045946_Drought_Site3_48hr",0,"Drought","Site3","48hr","Drought_48hr","Drought_Site3","Eukaryota","Phylum < 2%"
"57","x2049","X3300045967_PreDrought_Site3_6hr",0,"PreDrought","Site3","6hr","PreDrought_6hr","PreDrought_Site3","Eukaryota","Phylum < 2%"
"58","x2049","X3300045953_Drought_Site3_48hr",0,"Drought","Site3","48hr","Drought_48hr","Drought_Site3","Eukaryota","Phylum < 2%"
"59","x2049","X3300045977_Drought_Site1_0hr",0,"Drought","Site1","0hr","Drought_0hr","Drought_Site1","Eukaryota","Phylum < 2%"
"60","x2049","X3300045965_PreDrought_Site3_48hr",0,"PreDrought","Site3","48hr","PreDrought_48hr","PreDrought_Site3","Eukaryota","Phylum < 2%"
"61","x2049","X3300045947_Drought_Site3_6hr",0,"Drought","Site3","6hr","Drought_6hr","Drought_Site3","Eukaryota","Phylum < 2%"
"63","x2049","X3300049733_Drought_Site2_48hr",0,"Drought","Site2","48hr","Drought_48hr","Drought_Site2","Eukaryota","Phylum < 2%"
"64","x2049","X3300045978_Drought_Site1_48hr",0,"Drought","Site1","48hr","Drought_48hr","Drought_Site1","Eukaryota","Phylum < 2%"
"65","x2049","X3300045966_PreDrought_Site3_0hr",0,"PreDrought","Site3","0hr","PreDrought_0hr","PreDrought_Site3","Eukaryota","Phylum < 2%"
"66","x2049","X3300045952_Drought_Site2_6hr",0,"Drought","Site2","6hr","Drought_6hr","Drought_Site2","Eukaryota","Phylum < 2%"
"67","x2049","X3300045975_PreDrought_Site1_6hr",0,"PreDrought","Site1","6hr","PreDrought_6hr","PreDrought_Site1","Eukaryota","Phylum < 2%"
"68","x2049","X3300049734_Drought_Site3_0hr",0,"Drought","Site3","0hr","Drought_0hr","Drought_Site3","Eukaryota","Phylum < 2%"
"69","x2049","X3300046482_Drought_Site3_6hr",0,"Drought","Site3","6hr","Drought_6hr","Drought_Site3","Eukaryota","Phylum < 2%"
"70","x2049","X3300049730_PreDrought_Site1_6hr",0,"PreDrought","Site1","6hr","PreDrought_6hr","PreDrought_Site1","Eukaryota","Phylum < 2%"
"71","x2049","X3300049732_PreDrought_0hr",0,"PreDrought","Site2","0hr","PreDrought_0hr","PreDrought_Site2","Eukaryota","Phylum < 2%"
"72","x2049","X3300049731_Drought_Site1_48hr",0,"Drought","Site1","48hr","Drought_48hr","Drought_Site1","Eukaryota","Phylum < 2%"
